date,open,high,low,mstr
2024-01-02 15:00:00,704.89,718.22,698.31,710.745
2024-01-02 16:00:00,710.745,718.77,698.33,716.85
2024-01-02 17:00:00,716.85,716.85,692.495,692.495
2024-01-02 18:00:00,691.65,698.79,686.37,689.565
2024-01-02 19:00:00,690.52,694.545,685.0,688.325
2024-01-02 20:00:00,688.325,690.15,680.41,685.22
2024-01-03 15:00:00,637.29,644.08,628.225,641.56
2024-01-03 16:00:00,641.63,649.84,636.17,640.15
2024-01-03 17:00:00,641.5,642.59,632.61,637.01
2024-01-03 18:00:00,637.01,639.23,627.395,628.11
2024-01-03 19:00:00,628.8,637.76,625.77,630.41
2024-01-03 20:00:00,629.975,637.3,629.975,631.785
2024-01-04 15:00:00,643.35,666.62,643.35,661.015
2024-01-04 16:00:00,662.85,664.35,653.68,659.325
2024-01-04 17:00:00,659.325,661.125,652.27,655.91
2024-01-04 18:00:00,655.91,657.36,653.51,655.05
2024-01-04 19:00:00,655.05,659.415,650.44,653.78
2024-01-04 20:00:00,653.78,659.9,653.64,655.17
2024-01-05 15:00:00,638.8,653.53,638.8,647.49
2024-01-05 16:00:00,647.49,649.0,636.92,636.92
2024-01-05 17:00:00,636.92,641.09,634.595,640.65
2024-01-05 18:00:00,640.65,641.1,634.74,641.1
2024-01-05 19:00:00,639.55,641.21,631.99,632.41
2024-01-05 20:00:00,632.41,633.2,630.11,632.245
2024-01-08 15:00:00,605.5,623.68,587.24,614.11
2024-01-08 16:00:00,614.11,615.6,601.0,603.59
2024-01-08 17:00:00,604.215,605.5,593.18,601.71
2024-01-08 18:00:00,603.45,626.07,603.45,622.5
2024-01-08 19:00:00,623.66,623.66,609.905,611.505
2024-01-08 20:00:00,611.505,611.97,591.78,598.28
2024-01-09 15:00:00,585.415,588.01,575.905,576.29
2024-01-09 16:00:00,579.92,583.8,577.0,582.86
2024-01-09 17:00:00,582.77,585.29,579.99,585.13
2024-01-09 18:00:00,585.13,585.87,579.69,583.31
2024-01-09 19:00:00,583.98,583.98,579.62,582.91
2024-01-09 20:00:00,583.57,584.47,575.83,577.48
2024-01-10 15:00:00,557.95,580.09,556.0,578.555
2024-01-10 16:00:00,579.125,581.13,566.935,568.95
2024-01-10 17:00:00,568.17,585.67,565.0,584.74
2024-01-10 18:00:00,582.64,586.46,580.63,581.16
2024-01-10 19:00:00,582.905,583.97,571.5,575.885
2024-01-10 20:00:00,576.61,576.61,563.23,565.74
2024-01-11 15:00:00,578.44,578.68,536.4,540.805
2024-01-11 16:00:00,540.805,545.06,533.09,538.05
2024-01-11 17:00:00,538.05,543.0,530.83,542.0
2024-01-11 18:00:00,542.78,546.35,537.83,545.985
2024-01-11 19:00:00,547.135,550.915,543.23,550.105
2024-01-11 20:00:00,550.105,550.105,535.42,536.29
2024-01-12 15:00:00,518.79,518.79,494.48,497.67
2024-01-12 16:00:00,498.75,505.08,490.64,492.065
2024-01-12 17:00:00,492.77,494.28,488.6,494.28
2024-01-12 18:00:00,493.455,494.02,485.32,488.98
2024-01-12 19:00:00,490.15,490.59,482.17,482.64
2024-01-12 20:00:00,482.265,490.205,481.13,485.635
2024-01-16 15:00:00,480.29,489.06,478.37,484.69
2024-01-16 16:00:00,484.69,485.99,477.2,485.99
2024-01-16 17:00:00,485.99,487.985,483.76,485.71
2024-01-16 18:00:00,485.06,486.01,479.33,479.97
2024-01-16 19:00:00,479.97,481.31,478.05,480.5
2024-01-16 20:00:00,480.31,482.3,475.74,482.19
2024-01-17 15:00:00,478.785,484.69,478.095,479.165
2024-01-17 17:00:00,479.93,483.69,479.24,483.49
2024-01-17 18:00:00,483.75,487.74,483.495,486.89
2024-01-17 19:00:00,486.97,490.42,486.94,488.085
2024-01-17 20:00:00,488.02,498.11,487.12,497.97
2024-01-18 15:00:00,512.62,520.67,508.13,512.8
2024-01-18 16:00:00,512.73,512.73,495.69,496.92
2024-01-18 17:00:00,496.92,496.92,480.7,483.585
2024-01-18 18:00:00,483.745,485.17,478.0,484.96
2024-01-18 19:00:00,483.86,491.19,483.7,485.29
2024-01-18 20:00:00,485.04,489.955,484.01,486.845
2024-01-19 15:00:00,478.25,481.27,474.56,476.57
2024-01-19 16:00:00,476.855,478.18,466.94,466.94
2024-01-19 17:00:00,466.94,475.57,465.865,475.57
2024-01-19 18:00:00,475.55,485.11,474.93,483.455
2024-01-19 19:00:00,483.455,485.88,481.11,482.385
2024-01-19 20:00:00,482.69,484.185,479.35,481.1
2024-01-22 15:00:00,480.07,482.93,456.78,471.48
2024-01-22 16:00:00,471.275,473.675,468.83,470.07
2024-01-22 17:00:00,470.07,475.46,466.805,472.79
2024-01-22 18:00:00,472.79,472.79,466.75,468.82
2024-01-22 19:00:00,468.72,469.29,457.55,461.58
2024-01-22 20:00:00,461.58,472.09,461.28,470.66
2024-01-23 15:00:00,447.05,453.18,444.22,450.63
2024-01-23 16:00:00,451.47,459.14,448.3,458.48
2024-01-23 17:00:00,458.785,458.785,453.965,454.33
2024-01-23 18:00:00,455.17,456.855,450.035,450.42
2024-01-23 19:00:00,450.42,450.57,446.655,449.665
2024-01-23 20:00:00,449.665,452.4,447.875,450.02
2024-01-24 15:00:00,449.745,458.0,449.7,458.0
2024-01-24 16:00:00,459.14,459.41,454.68,457.11
2024-01-24 17:00:00,457.49,458.5,455.92,457.59
2024-01-24 18:00:00,457.59,457.59,447.71,447.88
2024-01-24 19:00:00,447.55,450.62,445.42,450.19
2024-01-24 20:00:00,449.92,452.075,448.81,450.765
2024-01-25 15:00:00,454.38,454.89,446.17,448.2
2024-01-25 16:00:00,448.2,461.23,448.2,457.85
2024-01-25 17:00:00,457.85,458.91,454.74,458.69
2024-01-25 18:00:00,458.69,463.71,458.33,458.49
2024-01-25 19:00:00,458.49,460.55,456.02,459.685
2024-01-25 20:00:00,459.665,459.97,456.32,457.26
2024-01-26 15:00:00,480.205,481.3,472.0,481.3
2024-01-26 16:00:00,481.3,495.07,481.3,495.07
2024-01-26 17:00:00,495.59,500.58,492.445,495.135
2024-01-26 18:00:00,495.18,499.205,494.44,498.12
2024-01-26 19:00:00,496.99,499.76,491.59,494.04
2024-01-26 20:00:00,494.0,495.28,489.665,494.97
2024-01-29 15:00:00,501.98,520.5,498.68,520.5
2024-01-29 16:00:00,521.0,524.49,514.765,518.33
2024-01-29 17:00:00,519.07,519.07,503.44,505.61
2024-01-29 18:00:00,508.1,509.505,503.43,509.505
2024-01-29 19:00:00,508.675,511.61,505.37,505.86
2024-01-29 20:00:00,506.45,514.06,506.45,513.9
2024-01-30 15:00:00,522.94,524.62,512.105,512.105
2024-01-30 16:00:00,512.105,514.35,508.49,513.56
2024-01-30 17:00:00,513.56,515.955,512.19,514.28
2024-01-30 18:00:00,514.64,518.99,513.64,517.41
2024-01-30 19:00:00,517.26,520.485,516.03,520.485
2024-01-30 20:00:00,519.85,522.44,519.11,519.42
2024-01-31 15:00:00,514.0,519.95,509.3,517.51
2024-01-31 16:00:00,517.885,527.74,517.885,521.49
2024-01-31 17:00:00,521.49,527.265,521.49,524.8
2024-01-31 18:00:00,526.97,527.22,517.62,518.17
2024-01-31 19:00:00,518.23,521.96,509.88,513.52
2024-01-31 20:00:00,514.195,515.37,499.43,501.8
2024-02-01 15:00:00,508.3,514.49,499.28,499.28
2024-02-01 16:00:00,499.28,503.31,497.04,503.31
2024-02-01 17:00:00,502.575,512.07,502.575,508.24
2024-02-01 18:00:00,508.24,511.49,504.98,506.11
2024-02-01 19:00:00,506.11,509.23,506.0,508.57
2024-02-01 20:00:00,508.79,508.79,501.63,502.73
2024-02-02 15:00:00,494.34,506.07,492.39,504.745
2024-02-02 16:00:00,506.37,508.41,503.61,506.975
2024-02-02 17:00:00,506.95,508.975,499.71,499.71
2024-02-02 18:00:00,500.56,501.1,496.73,499.2
2024-02-02 19:00:00,499.2,503.64,499.085,502.84
2024-02-02 20:00:00,502.84,502.84,499.9,500.62
2024-02-05 15:00:00,490.33,498.67,483.72,496.305
2024-02-05 16:00:00,497.06,497.06,488.735,491.65
2024-02-05 17:00:00,490.73,492.95,489.33,489.67
2024-02-05 18:00:00,489.67,490.77,487.16,490.77
2024-02-05 19:00:00,491.82,493.42,490.15,490.6
2024-02-05 20:00:00,490.58,491.48,487.09,490.47
2024-02-06 15:00:00,499.74,508.84,499.69,504.825
2024-02-06 16:00:00,504.825,508.24,495.4,495.89
2024-02-06 17:00:00,495.89,496.75,493.41,495.495
2024-02-06 18:00:00,497.94,497.96,496.14,497.495
2024-02-06 19:00:00,497.495,500.93,496.86,500.93
2024-02-06 20:00:00,502.0,502.0,498.31,498.52
2024-02-07 15:00:00,479.12,490.39,475.01,483.205
2024-02-07 16:00:00,483.205,491.02,482.86,491.02
2024-02-07 17:00:00,492.06,496.95,490.0,495.11
2024-02-07 18:00:00,495.235,502.12,494.95,500.01
2024-02-07 19:00:00,499.79,500.185,496.12,498.29
2024-02-07 20:00:00,499.0,508.67,499.0,506.86
2024-02-08 15:00:00,542.89,574.45,538.19,574.45
2024-02-08 16:00:00,575.94,580.095,566.085,569.98
2024-02-08 17:00:00,569.98,583.06,567.72,568.21
2024-02-08 18:00:00,568.215,580.08,567.7,580.08
2024-02-08 19:00:00,580.99,582.875,577.89,580.115
2024-02-08 20:00:00,580.17,588.05,576.26,587.33
2024-02-09 15:00:00,626.465,634.74,619.13,625.11
2024-02-09 16:00:00,628.565,637.46,626.58,637.4
2024-02-09 17:00:00,637.85,645.26,635.43,641.08
2024-02-09 18:00:00,641.08,646.84,639.75,646.8
2024-02-09 19:00:00,646.61,647.14,637.71,640.48
2024-02-09 20:00:00,640.215,648.68,640.215,647.015
2024-02-12 15:00:00,681.8,712.99,681.22,708.69
2024-02-12 16:00:00,708.965,710.27,691.46,708.415
2024-02-12 17:00:00,708.54,724.545,708.54,711.18
2024-02-12 18:00:00,712.55,715.23,698.52,707.49
2024-02-12 19:00:00,707.41,715.5,701.37,704.525
2024-02-12 20:00:00,705.165,720.0,705.165,716.51
2024-02-13 15:00:00,671.88,698.0,669.56,688.32
2024-02-13 16:00:00,689.43,694.97,681.78,681.78
2024-02-13 17:00:00,681.78,687.41,677.74,687.41
2024-02-13 18:00:00,687.41,700.62,687.41,696.17
2024-02-13 19:00:00,694.39,694.39,684.58,685.0
2024-02-13 20:00:00,684.965,688.1,678.97,686.42
2024-02-14 15:00:00,758.23,763.0,747.73,748.49
2024-02-14 16:00:00,744.08,753.21,734.98,749.67
2024-02-14 17:00:00,747.47,767.585,743.31,756.76
2024-02-14 18:00:00,756.765,772.64,751.5,771.65
2024-02-14 19:00:00,770.49,771.99,763.18,771.21
2024-02-14 20:00:00,771.78,774.73,765.44,769.695
2024-02-15 15:00:00,784.52,792.02,758.25,760.98
2024-02-15 16:00:00,761.7,768.93,747.72,768.93
2024-02-15 17:00:00,768.4,772.825,746.815,750.65
2024-02-15 18:00:00,746.67,750.73,731.24,732.07
2024-02-15 19:00:00,731.625,731.625,707.72,723.89
2024-02-15 20:00:00,724.56,724.56,712.535,718.97
2024-02-16 15:00:00,719.79,719.79,701.0,709.88
2024-02-16 16:00:00,712.52,722.42,711.53,714.51
2024-02-16 17:00:00,714.57,718.29,709.41,716.96
2024-02-16 18:00:00,717.94,718.155,705.42,705.89
2024-02-16 19:00:00,705.89,706.53,694.55,698.0
2024-02-16 20:00:00,698.0,699.52,689.88,699.52
2024-02-20 15:00:00,701.5,701.5,687.33,698.675
2024-02-20 16:00:00,696.835,701.92,686.37,686.53
2024-02-20 17:00:00,686.53,686.53,671.0,680.58
2024-02-20 18:00:00,680.5,695.6,680.395,695.6
2024-02-20 19:00:00,696.535,702.715,688.54,700.58
2024-02-20 20:00:00,700.585,709.38,698.86,706.16
2024-02-21 15:00:00,672.09,681.9,666.74,677.805
2024-02-21 16:00:00,677.805,685.12,675.2,679.525
2024-02-21 17:00:00,678.03,678.73,670.0,675.315
2024-02-21 18:00:00,675.01,675.01,669.64,671.12
2024-02-21 19:00:00,670.815,676.865,669.02,672.56
2024-02-21 20:00:00,671.12,672.96,664.525,672.195
2024-02-22 15:00:00,696.52,713.37,695.7,704.815
2024-02-22 16:00:00,704.815,711.83,703.61,710.85
2024-02-22 17:00:00,712.0,722.2,710.44,720.07
2024-02-22 18:00:00,720.07,721.15,706.53,714.28
2024-02-22 19:00:00,714.28,714.28,704.88,707.82
2024-02-22 20:00:00,708.33,717.78,705.93,713.0
2024-02-23 15:00:00,693.885,696.105,689.61,690.57
2024-02-23 16:00:00,690.57,692.83,678.06,690.95
2024-02-23 17:00:00,690.95,695.51,690.95,694.505
2024-02-23 18:00:00,694.505,694.505,687.04,687.04
2024-02-23 19:00:00,688.05,690.255,685.675,689.9
2024-02-23 20:00:00,691.21,691.21,683.66,688.35
2024-02-26 15:00:00,751.29,795.0,751.29,791.48
2024-02-26 16:00:00,794.43,801.68,779.9,783.41
2024-02-26 17:00:00,783.41,787.99,773.5,784.0
2024-02-26 18:00:00,784.0,790.0,778.65,789.68
2024-02-26 19:00:00,789.68,807.47,787.49,805.88
2024-02-26 20:00:00,805.88,809.45,793.0,796.51
2024-02-27 15:00:00,855.01,866.755,847.73,856.94
2024-02-27 16:00:00,856.94,881.65,846.6,875.34
2024-02-27 17:00:00,875.34,882.43,855.91,856.76
2024-02-27 18:00:00,857.09,877.93,854.99,873.46
2024-02-27 19:00:00,872.41,885.48,864.515,879.91
2024-02-27 20:00:00,883.81,883.91,869.03,870.97
2024-02-28 15:00:00,973.84,988.43,956.46,967.5
2024-02-28 16:00:00,969.11,993.29,957.05,993.29
2024-02-28 17:00:00,993.66,1007.89,930.47,972.34
2024-02-28 18:00:00,973.74,973.74,925.35,969.0
2024-02-28 19:00:00,970.07,985.0,969.89,975.74
2024-02-28 20:00:00,975.62,980.43,948.93,963.23
2024-02-29 15:00:00,1014.53,1030.0,989.37,998.01
2024-02-29 16:00:00,996.21,999.81,962.14,979.74
2024-02-29 17:00:00,978.61,986.37,961.11,975.24
2024-02-29 18:00:00,973.03,992.27,968.05,969.86
2024-02-29 19:00:00,970.91,1006.81,969.18,1006.81
2024-02-29 20:00:00,1009.63,1027.89,1005.92,1022.32
2024-03-01 15:00:00,1025.0,1040.0,1012.0,1020.5
2024-03-01 16:00:00,1022.3,1041.16,1020.0,1029.89
2024-03-01 17:00:00,1029.61,1050.12,1025.8,1044.605
2024-03-01 18:00:00,1044.25,1050.73,1040.49,1049.23
2024-03-01 19:00:00,1050.54,1050.82,1029.94,1029.99
2024-03-01 20:00:00,1031.395,1079.99,1026.99,1079.345
2024-03-04 15:00:00,1260.0,1312.65,1239.99,1302.52
2024-03-04 16:00:00,1306.52,1343.88,1281.81,1293.99
2024-03-04 17:00:00,1295.33,1304.64,1233.0,1258.22
2024-03-04 18:00:00,1258.28,1291.12,1254.08,1288.265
2024-03-04 19:00:00,1287.76,1330.0,1279.05,1325.0
2024-03-04 20:00:00,1322.03,1358.87,1312.0,1332.91
2024-03-05 15:00:00,1290.57,1320.4,1137.06,1168.34
2024-03-05 16:00:00,1173.51,1183.68,1089.6,1164.16
2024-03-05 17:00:00,1164.25,1208.0,1120.38,1208.0
2024-03-05 18:00:00,1206.075,1206.075,1148.64,1152.25
2024-03-05 19:00:00,1152.62,1164.48,1100.59,1111.01
2024-03-05 20:00:00,1113.92,1161.01,1035.5,1051.38
2024-03-06 15:00:00,1166.445,1230.02,1135.3,1225.005
2024-03-06 16:00:00,1224.12,1253.46,1219.5,1252.195
2024-03-06 17:00:00,1256.15,1280.45,1243.635,1280.15
2024-03-06 18:00:00,1278.99,1283.98,1231.49,1249.24
2024-03-06 19:00:00,1247.26,1275.01,1238.15,1261.84
2024-03-06 20:00:00,1258.04,1268.71,1213.08,1245.85
2024-03-07 15:00:00,1276.13,1280.37,1228.53,1266.58
2024-03-07 16:00:00,1264.38,1281.01,1257.49,1268.65
2024-03-07 17:00:00,1269.76,1298.52,1265.81,1287.205
2024-03-07 18:00:00,1287.205,1296.16,1282.5,1285.92
2024-03-07 19:00:00,1284.82,1288.02,1271.86,1278.64
2024-03-07 20:00:00,1277.34,1303.91,1274.85,1300.0
2024-03-08 15:00:00,1349.82,1448.22,1337.21,1339.2
2024-03-08 16:00:00,1340.19,1346.525,1288.5,1334.04
2024-03-08 17:00:00,1326.89,1384.78,1326.53,1355.01
2024-03-08 18:00:00,1354.7,1371.29,1340.0,1364.745
2024-03-08 19:00:00,1364.745,1414.37,1363.11,1414.37
2024-03-08 20:00:00,1414.37,1435.5,1399.56,1425.0
2024-03-11 14:00:00,1514.44,1580.0,1512.99,1576.08
2024-03-11 15:00:00,1568.97,1624.58,1568.31,1586.07
2024-03-11 16:00:00,1588.75,1656.5,1571.63,1641.99
2024-03-11 17:00:00,1643.99,1646.0,1614.31,1635.23
2024-03-11 18:00:00,1632.87,1633.37,1588.64,1590.17
2024-03-11 19:00:00,1591.97,1604.99,1477.07,1488.41
2024-03-12 14:00:00,1547.21,1574.0,1503.16,1514.84
2024-03-12 15:00:00,1517.97,1556.61,1495.65,1532.1
2024-03-12 16:00:00,1533.31,1539.02,1467.06,1486.19
2024-03-12 17:00:00,1484.18,1531.82,1438.04,1531.82
2024-03-12 18:00:00,1536.63,1561.87,1513.82,1551.005
2024-03-12 19:00:00,1552.945,1593.985,1544.63,1592.99
2024-03-13 14:00:00,1642.94,1730.68,1638.56,1724.79
2024-03-13 15:00:00,1726.0,1749.38,1713.015,1739.32
2024-03-13 16:00:00,1738.0,1767.46,1732.38,1759.5
2024-03-13 17:00:00,1756.18,1770.31,1747.695,1755.27
2024-03-13 18:00:00,1755.25,1773.91,1746.42,1753.57
2024-03-13 19:00:00,1759.98,1773.64,1700.83,1767.6
2024-03-14 14:00:00,1659.52,1745.0,1643.89,1689.39
2024-03-14 15:00:00,1682.84,1708.25,1625.65,1653.07
2024-03-14 16:00:00,1651.22,1704.01,1614.84,1693.895
2024-03-14 17:00:00,1693.67,1698.53,1657.57,1696.83
2024-03-14 18:00:00,1699.02,1699.02,1627.62,1643.93
2024-03-14 19:00:00,1641.535,1680.025,1551.41,1670.5
2024-03-15 14:00:00,1631.38,1698.54,1593.92,1696.05
2024-03-15 15:00:00,1697.42,1697.42,1649.0,1651.77
2024-03-15 16:00:00,1650.6,1668.27,1630.01,1647.605
2024-03-15 17:00:00,1647.605,1695.01,1641.25,1691.01
2024-03-15 18:00:00,1693.64,1813.48,1690.63,1805.01
2024-03-15 19:00:00,1800.85,1814.705,1755.64,1779.13
2024-03-18 14:00:00,1637.345,1702.51,1630.02,1659.02
2024-03-18 15:00:00,1663.97,1663.97,1580.0,1624.25
2024-03-18 16:00:00,1620.04,1638.0,1458.505,1508.65
2024-03-18 17:00:00,1507.46,1543.0,1448.39,1527.5
2024-03-18 18:00:00,1523.89,1556.51,1496.0,1508.545
2024-03-18 19:00:00,1510.1,1550.0,1480.01,1501.96
2024-03-19 14:00:00,1309.095,1310.26,1230.99,1260.53
2024-03-19 15:00:00,1255.53,1336.82,1252.0,1322.33
2024-03-19 16:00:00,1317.9,1417.5,1317.9,1397.21
2024-03-19 17:00:00,1395.07,1449.07,1378.9,1399.17
2024-03-19 18:00:00,1397.43,1426.5,1363.17,1412.33
2024-03-19 19:00:00,1412.33,1426.5,1395.44,1415.45
2024-03-20 14:00:00,1380.69,1471.09,1380.69,1464.0
2024-03-20 15:00:00,1458.44,1474.78,1411.885,1418.5
2024-03-20 16:00:00,1412.2,1433.47,1373.71,1413.97
2024-03-20 17:00:00,1412.78,1445.81,1401.56,1420.51
2024-03-20 18:00:00,1421.62,1484.7,1418.09,1484.7
2024-03-20 19:00:00,1482.03,1550.0,1476.6,1547.03
2024-03-21 14:00:00,1623.31,1703.14,1617.71,1684.29
2024-03-21 15:00:00,1689.0,1690.0,1630.0,1645.25
2024-03-21 16:00:00,1645.25,1682.53,1635.2,1681.625
2024-03-21 17:00:00,1682.44,1694.13,1612.22,1620.74
2024-03-21 18:00:00,1610.01,1634.35,1589.97,1606.0
2024-03-21 19:00:00,1607.8,1616.31,1583.91,1596.41
2024-03-22 14:00:00,1511.73,1550.71,1511.73,1527.25
2024-03-22 15:00:00,1525.19,1594.63,1524.91,1589.285
2024-03-22 16:00:00,1585.65,1585.65,1549.32,1561.29
2024-03-22 17:00:00,1566.525,1579.92,1545.91,1545.91
2024-03-22 18:00:00,1545.91,1554.44,1518.0,1542.43
2024-03-22 19:00:00,1542.99,1542.99,1506.06,1523.0
2024-03-25 14:00:00,1685.495,1768.01,1673.29,1768.01
2024-03-25 15:00:00,1778.71,1822.12,1774.0,1792.06
2024-03-25 16:00:00,1791.18,1823.14,1760.79,1818.31
2024-03-25 17:00:00,1819.2,1851.015,1819.2,1851.015
2024-03-25 18:00:00,1851.3,1873.3,1834.39,1861.0
2024-03-25 19:00:00,1856.84,1861.555,1828.14,1855.0
2024-03-26 14:00:00,1872.49,1896.07,1792.23,1864.26
2024-03-26 15:00:00,1861.73,1890.38,1837.02,1880.3
2024-03-26 16:00:00,1885.19,1888.0,1835.37,1844.5
2024-03-26 17:00:00,1843.42,1889.24,1840.58,1887.35
2024-03-26 18:00:00,1886.36,1900.62,1875.28,1888.0
2024-03-26 19:00:00,1885.96,1895.045,1871.67,1879.355
2024-03-27 14:00:00,1899.99,1966.43,1844.03,1957.5
2024-03-27 15:00:00,1953.3,1958.93,1886.01,1886.64
2024-03-27 16:00:00,1881.88,1939.0,1881.88,1939.0
2024-03-27 17:00:00,1932.5,1941.47,1906.0,1906.0
2024-03-27 18:00:00,1903.09,1931.0,1895.45,1898.37
2024-03-27 19:00:00,1898.1,1921.68,1890.0,1918.0
2024-03-28 14:00:00,1944.0,1944.92,1824.34,1840.26
2024-03-28 15:00:00,1838.0,1838.02,1644.95,1700.0
2024-03-28 16:00:00,1693.86,1778.82,1693.22,1700.1
2024-03-28 17:00:00,1704.02,1749.405,1698.695,1732.83
2024-03-28 18:00:00,1732.83,1772.98,1723.265,1747.49
2024-03-28 19:00:00,1747.68,1747.68,1703.25,1703.26
2024-04-01 14:00:00,1666.17,1674.815,1609.54,1631.135
2024-04-01 15:00:00,1630.505,1640.22,1602.05,1611.48
2024-04-01 16:00:00,1607.04,1628.315,1600.0,1618.985
2024-04-01 17:00:00,1617.77,1619.515,1586.88,1592.805
2024-04-01 18:00:00,1597.52,1632.64,1593.1,1624.1
2024-04-01 19:00:00,1624.1,1643.18,1617.18,1643.18
2024-04-02 14:00:00,1509.67,1560.19,1492.61,1520.12
2024-04-02 15:00:00,1520.12,1532.31,1504.84,1504.84
2024-04-02 16:00:00,1503.63,1551.98,1500.0,1543.18
2024-04-02 17:00:00,1543.18,1548.68,1533.19,1538.75
2024-04-02 18:00:00,1538.75,1573.49,1528.545,1563.31
2024-04-02 19:00:00,1564.78,1591.67,1564.78,1579.025
2024-04-03 14:00:00,1631.93,1660.69,1629.78,1660.69
2024-04-03 15:00:00,1668.0,1675.07,1640.73,1652.8
2024-04-03 16:00:00,1652.8,1698.48,1649.84,1683.26
2024-04-03 17:00:00,1683.26,1683.26,1657.91,1667.0
2024-04-03 18:00:00,1666.56,1673.8,1648.68,1656.57
2024-04-03 19:00:00,1657.04,1657.63,1586.02,1608.25
2024-04-04 14:00:00,1707.32,1738.67,1692.0,1720.5
2024-04-04 15:00:00,1723.56,1723.91,1680.0,1697.18
2024-04-04 16:00:00,1697.08,1715.07,1693.18,1698.35
2024-04-04 17:00:00,1690.02,1701.0,1656.0,1698.1
2024-04-04 18:00:00,1699.64,1709.0,1665.0,1675.16
2024-04-04 19:00:00,1675.16,1675.16,1612.17,1612.25
2024-04-05 14:00:00,1653.8,1667.65,1617.0,1643.92
2024-04-05 15:00:00,1642.96,1643.54,1605.0,1625.58
2024-04-05 16:00:00,1625.58,1631.0,1564.89,1589.0
2024-04-05 17:00:00,1582.0,1586.07,1546.15,1549.85
2024-04-05 18:00:00,1542.92,1550.57,1496.68,1497.745
2024-04-05 19:00:00,1496.0,1516.83,1438.36,1438.98
2024-04-08 14:00:00,1568.23,1571.26,1494.7,1517.3
2024-04-08 15:00:00,1521.76,1543.0,1514.81,1537.19
2024-04-08 16:00:00,1537.19,1553.0,1531.71,1542.865
2024-04-08 17:00:00,1542.865,1547.7,1499.16,1512.98
2024-04-08 18:00:00,1515.08,1540.72,1513.25,1524.81
2024-04-08 19:00:00,1525.045,1525.045,1492.79,1512.51
2024-04-09 14:00:00,1401.18,1429.12,1376.42,1387.19
2024-04-09 15:00:00,1396.785,1405.66,1386.13,1399.475
2024-04-09 16:00:00,1399.885,1411.36,1390.39,1405.9
2024-04-09 17:00:00,1406.47,1422.95,1406.47,1419.98
2024-04-09 18:00:00,1419.98,1441.61,1419.98,1431.09
2024-04-09 19:00:00,1428.44,1445.1,1413.105,1444.78
2024-04-10 14:00:00,1435.5,1472.2,1415.06,1427.49
2024-04-10 15:00:00,1433.0,1446.0,1418.48,1437.04
2024-04-10 16:00:00,1437.04,1478.88,1434.96,1471.86
2024-04-10 17:00:00,1471.86,1509.995,1458.775,1503.71
2024-04-10 18:00:00,1501.5,1534.6,1501.5,1530.0
2024-04-10 19:00:00,1530.0,1566.0,1522.02,1565.32
2024-04-11 14:00:00,1570.8,1570.8,1520.0,1527.38
2024-04-11 15:00:00,1521.69,1554.0,1512.16,1554.0
2024-04-11 16:00:00,1556.66,1561.62,1528.7,1533.14
2024-04-11 17:00:00,1533.14,1537.49,1525.0,1537.31
2024-04-11 18:00:00,1534.52,1539.86,1517.18,1525.33
2024-04-11 19:00:00,1526.41,1558.02,1525.92,1551.94
2024-04-12 14:00:00,1490.18,1520.0,1488.15,1497.245
2024-04-12 15:00:00,1496.01,1524.0,1496.01,1511.005
2024-04-12 16:00:00,1511.005,1516.5,1483.905,1485.52
2024-04-12 17:00:00,1482.26,1482.26,1446.07,1467.99
2024-04-12 18:00:00,1466.97,1471.0,1434.55,1457.235
2024-04-12 19:00:00,1455.98,1483.56,1455.98,1480.39
2024-04-15 14:00:00,1454.01,1469.79,1414.85,1419.98
2024-04-15 15:00:00,1419.98,1432.02,1402.29,1432.02
2024-04-15 16:00:00,1430.5,1439.39,1401.01,1408.34
2024-04-15 17:00:00,1397.36,1417.0,1354.72,1360.58
2024-04-15 18:00:00,1366.23,1366.26,1345.905,1347.0
2024-04-15 19:00:00,1347.0,1359.31,1321.05,1336.13
2024-04-16 14:00:00,1292.98,1297.01,1250.48,1262.07
2024-04-16 15:00:00,1257.11,1269.99,1236.61,1240.0
2024-04-16 16:00:00,1240.0,1256.47,1217.16,1256.41
2024-04-16 17:00:00,1256.935,1278.98,1241.715,1247.61
2024-04-16 18:00:00,1249.36,1270.63,1245.33,1265.44
2024-04-16 19:00:00,1265.63,1285.34,1251.03,1253.125
2024-04-17 14:00:00,1230.37,1232.495,1160.0,1166.13
2024-04-17 15:00:00,1166.13,1187.0,1142.38,1153.9
2024-04-17 16:00:00,1151.93,1185.63,1135.59,1157.48
2024-04-17 17:00:00,1157.48,1208.66,1157.48,1206.44
2024-04-17 18:00:00,1200.51,1232.22,1195.11,1195.11
2024-04-17 19:00:00,1195.11,1198.04,1182.51,1189.15
2024-04-18 14:00:00,1211.02,1285.65,1196.32,1276.995
2024-04-18 15:00:00,1277.15,1280.19,1252.445,1256.17
2024-04-18 16:00:00,1256.17,1263.58,1238.95,1244.005
2024-04-18 17:00:00,1244.005,1245.27,1215.88,1218.93
2024-04-18 18:00:00,1217.12,1217.12,1202.93,1207.885
2024-04-18 19:00:00,1211.0,1227.48,1207.44,1211.65
2024-04-19 14:00:00,1242.02,1254.0,1175.09,1212.52
2024-04-19 15:00:00,1209.695,1216.97,1200.0,1207.585
2024-04-19 16:00:00,1216.6,1216.6,1173.46,1192.95
2024-04-19 17:00:00,1192.95,1216.52,1192.95,1212.27
2024-04-19 18:00:00,1204.0,1204.4,1182.635,1186.71
2024-04-19 19:00:00,1184.97,1197.53,1167.175,1176.14
2024-04-22 14:00:00,1299.44,1328.005,1264.055,1264.2
2024-04-22 15:00:00,1264.87,1304.0,1240.37,1304.0
2024-04-22 16:00:00,1306.0,1325.57,1301.66,1323.0
2024-04-22 17:00:00,1323.0,1345.25,1323.0,1334.16
2024-04-22 18:00:00,1334.16,1343.0,1318.37,1327.965
2024-04-22 19:00:00,1323.925,1324.11,1301.34,1322.19
2024-04-23 14:00:00,1352.52,1390.51,1341.8,1365.65
2024-04-23 15:00:00,1363.26,1363.26,1336.08,1336.08
2024-04-23 16:00:00,1341.0,1355.72,1341.0,1347.465
2024-04-23 17:00:00,1352.12,1361.74,1341.98,1358.0
2024-04-23 18:00:00,1358.0,1360.98,1343.22,1350.18
2024-04-23 19:00:00,1350.28,1350.28,1321.61,1336.47
2024-04-24 14:00:00,1321.5,1337.0,1272.505,1295.18
2024-04-24 15:00:00,1295.18,1295.18,1266.92,1270.015
2024-04-24 16:00:00,1271.8,1282.745,1269.535,1277.3
2024-04-24 17:00:00,1280.2,1302.24,1280.06,1295.26
2024-04-24 18:00:00,1295.26,1295.26,1268.0,1268.0
2024-04-24 19:00:00,1268.4,1283.99,1261.99,1265.13
2024-04-25 14:00:00,1235.16,1265.53,1223.36,1232.49
2024-04-25 15:00:00,1234.08,1252.76,1233.0,1252.76
2024-04-25 16:00:00,1253.35,1259.5,1240.22,1256.32
2024-04-25 17:00:00,1257.51,1263.645,1249.18,1259.52
2024-04-25 18:00:00,1259.52,1266.38,1243.0,1249.56
2024-04-25 19:00:00,1251.465,1253.56,1238.55,1241.37
2024-04-26 14:00:00,1247.39,1278.125,1247.39,1251.81
2024-04-26 15:00:00,1255.29,1262.09,1236.9,1253.33
2024-04-26 16:00:00,1253.415,1273.65,1247.51,1268.71
2024-04-26 17:00:00,1268.71,1277.48,1268.19,1269.87
2024-04-26 18:00:00,1269.87,1276.005,1265.45,1272.635
2024-04-26 19:00:00,1276.115,1285.49,1268.0,1282.75
2024-04-29 14:00:00,1245.3,1296.99,1236.31,1293.81
2024-04-29 15:00:00,1296.23,1307.17,1278.01,1295.0
2024-04-29 16:00:00,1299.0,1299.04,1276.62,1278.05
2024-04-29 17:00:00,1279.36,1298.0,1278.33,1296.405
2024-04-29 18:00:00,1294.81,1294.81,1278.34,1284.83
2024-04-29 19:00:00,1285.765,1295.08,1266.36,1292.97
2024-04-30 14:00:00,1166.0,1175.11,1117.5,1129.0
2024-04-30 15:00:00,1130.19,1137.375,1084.99,1105.005
2024-04-30 16:00:00,1105.005,1105.005,1069.465,1076.04
2024-04-30 17:00:00,1073.47,1087.0,1067.88,1080.83
2024-04-30 18:00:00,1080.39,1104.21,1078.62,1102.5
2024-04-30 19:00:00,1102.5,1109.0,1063.2,1065.04
2024-05-01 14:00:00,1033.755,1043.2,1016.13,1028.54
2024-05-01 15:00:00,1029.31,1040.14,1014.38,1021.46
2024-05-01 16:00:00,1016.36,1036.41,1015.17,1027.5
2024-05-01 17:00:00,1027.77,1063.65,1025.1,1049.51
2024-05-01 18:00:00,1048.37,1109.325,1048.09,1097.97
2024-05-01 19:00:00,1090.8,1100.05,1025.69,1026.85
2024-05-02 14:00:00,1055.75,1088.945,1044.5,1088.68
2024-05-02 15:00:00,1092.535,1125.27,1092.535,1110.24
2024-05-02 16:00:00,1110.285,1116.86,1094.605,1116.86
2024-05-02 17:00:00,1116.86,1136.97,1116.86,1135.55
2024-05-02 18:00:00,1135.55,1140.16,1122.18,1132.185
2024-05-02 19:00:00,1129.18,1135.88,1114.77,1127.51
2024-05-03 14:00:00,1214.5,1241.81,1202.17,1218.2
2024-05-03 15:00:00,1217.01,1217.81,1199.98,1217.81
2024-05-03 16:00:00,1218.38,1232.41,1204.44,1224.33
2024-05-03 17:00:00,1224.33,1228.52,1217.3,1226.84
2024-05-03 18:00:00,1226.84,1231.17,1217.495,1217.64
2024-05-03 19:00:00,1217.64,1225.555,1211.94,1221.01
2024-05-06 14:00:00,1308.36,1338.64,1303.37,1303.37
2024-05-06 15:00:00,1299.02,1321.4,1279.52,1316.59
2024-05-06 16:00:00,1316.47,1316.47,1286.55,1288.655
2024-05-06 17:00:00,1288.55,1296.6,1283.99,1288.53
2024-05-06 18:00:00,1288.53,1297.76,1288.01,1292.995
2024-05-06 19:00:00,1291.975,1291.975,1260.73,1266.98
2024-05-07 14:00:00,1265.33,1300.53,1265.33,1300.53
2024-05-07 15:00:00,1303.015,1316.62,1292.0,1293.06
2024-05-07 16:00:00,1292.96,1305.58,1283.51,1289.815
2024-05-07 17:00:00,1289.66,1289.77,1268.9,1268.9
2024-05-07 18:00:00,1270.23,1270.84,1254.22,1262.605
2024-05-07 19:00:00,1262.605,1268.55,1251.51,1257.015
2024-05-08 14:00:00,1230.32,1257.505,1211.47,1247.99
2024-05-08 15:00:00,1242.47,1251.84,1226.99,1240.995
2024-05-08 16:00:00,1241.495,1252.82,1232.0,1252.82
2024-05-08 17:00:00,1252.82,1252.82,1239.23,1242.7
2024-05-08 18:00:00,1242.67,1251.13,1242.44,1246.5
2024-05-08 19:00:00,1246.5,1246.5,1232.81,1233.45
2024-05-09 14:00:00,1208.24,1259.55,1208.24,1259.55
2024-05-09 15:00:00,1259.55,1287.28,1258.91,1284.0
2024-05-09 16:00:00,1283.46,1302.5,1275.01,1275.01
2024-05-09 17:00:00,1275.01,1286.865,1263.13,1263.13
2024-05-09 18:00:00,1260.47,1272.695,1257.49,1272.695
2024-05-09 19:00:00,1273.34,1275.995,1259.69,1262.83
2024-05-10 14:00:00,1286.51,1286.51,1206.0,1218.81
2024-05-10 15:00:00,1223.495,1223.495,1199.0,1200.99
2024-05-10 16:00:00,1202.035,1213.62,1188.38,1211.4
2024-05-10 17:00:00,1211.4,1211.89,1196.17,1200.265
2024-05-10 18:00:00,1197.48,1200.24,1189.71,1200.24
2024-05-10 19:00:00,1201.21,1208.18,1179.02,1180.1
2024-05-13 14:00:00,1241.51,1263.07,1238.98,1244.09
2024-05-13 15:00:00,1246.05,1260.0,1242.39,1254.79
2024-05-13 16:00:00,1253.0,1256.5,1239.24,1245.77
2024-05-13 17:00:00,1245.505,1245.505,1223.0,1234.59
2024-05-13 18:00:00,1233.565,1239.84,1228.005,1238.46
2024-05-13 19:00:00,1238.46,1251.69,1238.46,1245.81
2024-05-14 14:00:00,1242.49,1288.38,1227.21,1257.0
2024-05-14 16:00:00,1257.0,1287.58,1257.0,1278.405
2024-05-14 17:00:00,1280.0,1280.88,1263.09,1265.415
2024-05-14 18:00:00,1267.04,1280.0,1267.04,1278.29
2024-05-14 19:00:00,1278.29,1298.78,1278.29,1297.62
2024-05-15 14:00:00,1362.94,1386.1,1359.19,1373.5
2024-05-15 15:00:00,1373.5,1417.78,1373.5,1392.42
2024-05-15 16:00:00,1394.32,1416.0,1389.87,1409.13
2024-05-15 17:00:00,1409.13,1418.74,1402.31,1418.53
2024-05-15 18:00:00,1415.0,1443.63,1413.1,1439.99
2024-05-15 19:00:00,1438.92,1520.07,1434.49,1502.32
2024-05-16 14:00:00,1505.32,1506.04,1467.5,1467.58
2024-05-16 15:00:00,1468.17,1503.3,1450.69,1489.29
2024-05-16 16:00:00,1489.83,1489.83,1456.35,1459.845
2024-05-16 17:00:00,1461.1,1471.56,1443.87,1469.54
2024-05-16 18:00:00,1466.35,1484.98,1459.78,1483.38
2024-05-16 19:00:00,1480.955,1488.47,1436.47,1437.18
2024-05-17 14:00:00,1480.66,1565.89,1480.66,1565.89
2024-05-17 15:00:00,1566.58,1576.035,1542.74,1560.0
2024-05-17 16:00:00,1564.49,1568.57,1548.64,1548.64
2024-05-17 17:00:00,1545.91,1546.085,1527.94,1529.63
2024-05-17 18:00:00,1530.0,1547.5,1514.205,1545.5
2024-05-17 19:00:00,1545.42,1584.81,1538.0,1584.02
2024-05-20 14:00:00,1612.68,1612.93,1582.21,1593.58
2024-05-20 15:00:00,1594.34,1651.0,1591.0,1647.29
2024-05-20 16:00:00,1647.29,1667.0,1646.62,1662.995
2024-05-20 17:00:00,1665.0,1674.88,1655.52,1655.535
2024-05-20 18:00:00,1662.07,1693.0,1662.07,1693.0
2024-05-20 19:00:00,1692.545,1727.73,1688.0,1727.0
2024-05-21 14:00:00,1672.0,1711.12,1672.0,1676.22
2024-05-21 15:00:00,1676.57,1702.22,1645.57,1646.505
2024-05-21 16:00:00,1646.505,1693.26,1646.505,1662.5
2024-05-21 17:00:00,1660.75,1676.51,1659.08,1675.91
2024-05-21 18:00:00,1675.5,1685.415,1670.0,1679.99
2024-05-21 19:00:00,1680.575,1690.9,1654.44,1656.69
2024-05-22 14:00:00,1637.07,1690.67,1637.07,1690.67
2024-05-22 15:00:00,1693.38,1716.99,1679.24,1710.0
2024-05-22 16:00:00,1708.39,1715.96,1681.495,1681.495
2024-05-22 17:00:00,1681.495,1692.72,1658.45,1662.36
2024-05-22 18:00:00,1662.36,1662.44,1627.4,1649.23
2024-05-22 19:00:00,1649.23,1662.97,1643.25,1647.0
2024-05-23 14:00:00,1581.99,1612.38,1570.0,1570.0
2024-05-23 15:00:00,1568.35,1630.0,1568.35,1626.005
2024-05-23 16:00:00,1627.0,1630.25,1597.49,1597.49
2024-05-23 17:00:00,1596.56,1612.62,1580.0,1580.19
2024-05-23 18:00:00,1580.19,1580.19,1536.77,1554.0
2024-05-23 19:00:00,1551.49,1557.925,1531.585,1545.22
2024-05-24 14:00:00,1536.0,1596.78,1536.0,1582.98
2024-05-24 15:00:00,1588.92,1619.18,1588.92,1608.52
2024-05-24 16:00:00,1608.52,1611.3,1600.49,1610.39
2024-05-24 17:00:00,1610.78,1657.38,1610.78,1656.46
2024-05-24 18:00:00,1656.54,1670.5,1653.67,1661.15
2024-05-24 19:00:00,1661.15,1683.36,1653.67,1682.87
2024-05-28 14:00:00,1633.86,1672.84,1625.19,1666.96
2024-05-28 15:00:00,1663.87,1677.5,1644.55,1671.7
2024-05-28 16:00:00,1671.88,1674.16,1649.84,1649.84
2024-05-28 17:00:00,1649.84,1661.28,1637.24,1639.12
2024-05-28 18:00:00,1637.47,1650.41,1623.28,1646.705
2024-05-28 19:00:00,1645.775,1692.16,1644.16,1674.18
2024-05-29 14:00:00,1650.76,1654.12,1633.32,1633.88
2024-05-29 15:00:00,1635.28,1635.43,1618.3,1618.3
2024-05-29 16:00:00,1619.51,1634.59,1612.12,1631.32
2024-05-29 17:00:00,1631.32,1651.66,1626.11,1650.47
2024-05-29 18:00:00,1650.86,1652.76,1638.41,1643.84
2024-05-29 19:00:00,1638.91,1646.6,1618.24,1618.68
2024-05-30 14:00:00,1700.0,1705.0,1661.87,1674.96
2024-05-30 15:00:00,1670.08,1689.93,1662.85,1672.54
2024-05-30 16:00:00,1672.91,1677.86,1649.2,1651.81
2024-05-30 17:00:00,1655.21,1655.64,1636.02,1638.9
2024-05-30 18:00:00,1640.0,1642.97,1609.61,1616.78
2024-05-30 19:00:00,1614.73,1624.0,1533.45,1539.435
2024-05-31 14:00:00,1576.09,1580.83,1512.81,1547.51
2024-05-31 15:00:00,1548.54,1549.55,1496.1,1497.54
2024-05-31 16:00:00,1497.045,1503.55,1445.26,1487.07
2024-05-31 17:00:00,1494.515,1525.82,1491.82,1507.22
2024-05-31 18:00:00,1511.98,1524.995,1507.0,1515.92
2024-05-31 19:00:00,1512.93,1529.42,1509.325,1523.55
2024-06-03 14:00:00,1622.0,1645.0,1574.35,1584.87
2024-06-03 15:00:00,1579.92,1637.3,1579.92,1635.32
2024-06-03 16:00:00,1635.32,1635.32,1589.86,1595.87
2024-06-03 17:00:00,1595.87,1601.78,1560.35,1596.16
2024-06-03 18:00:00,1596.16,1619.98,1596.16,1608.81
2024-06-03 19:00:00,1607.4,1624.9,1598.0,1624.9
2024-06-04 14:00:00,1640.995,1657.61,1615.74,1627.61
2024-06-04 15:00:00,1626.3,1673.9,1618.0,1667.08
2024-06-04 16:00:00,1670.75,1685.49,1664.08,1669.81
2024-06-04 17:00:00,1672.505,1674.0,1650.6,1662.62
2024-06-04 18:00:00,1666.52,1696.99,1666.52,1675.94
2024-06-04 19:00:00,1675.81,1675.81,1629.78,1640.32
2024-06-05 14:00:00,1664.0,1713.0,1642.6,1694.03
2024-06-05 15:00:00,1695.0,1718.0,1686.24,1692.975
2024-06-05 16:00:00,1696.11,1710.0,1685.0,1694.805
2024-06-05 17:00:00,1691.03,1702.4,1691.03,1697.51
2024-06-05 18:00:00,1699.22,1699.22,1671.96,1688.26
2024-06-05 19:00:00,1685.535,1699.34,1680.975,1695.14
2024-06-06 14:00:00,1680.09,1718.45,1677.475,1713.54
2024-06-06 15:00:00,1710.02,1727.43,1706.79,1712.42
2024-06-06 16:00:00,1708.5,1719.99,1691.06,1701.65
2024-06-06 17:00:00,1700.59,1711.03,1684.33,1708.885
2024-06-06 18:00:00,1708.365,1710.57,1694.72,1699.01
2024-06-06 19:00:00,1699.01,1699.01,1648.56,1659.8
2024-06-07 14:00:00,1696.88,1711.875,1688.665,1700.97
2024-06-07 15:00:00,1702.0,1702.5,1683.73,1697.8
2024-06-07 16:00:00,1697.06,1703.99,1688.915,1692.615
2024-06-07 17:00:00,1689.56,1690.99,1634.5,1636.81
2024-06-07 18:00:00,1635.18,1635.18,1593.43,1619.06
2024-06-07 19:00:00,1619.06,1619.6,1587.57,1594.705
2024-06-10 14:00:00,1589.98,1629.8,1587.06,1626.885
2024-06-10 15:00:00,1628.005,1646.81,1621.0,1636.1
2024-06-10 16:00:00,1635.805,1640.68,1621.46,1640.68
2024-06-10 17:00:00,1640.68,1642.05,1628.975,1638.07
2024-06-10 18:00:00,1638.07,1644.82,1631.225,1638.44
2024-06-10 19:00:00,1638.44,1641.26,1596.0,1598.93
2024-06-11 14:00:00,1500.52,1536.97,1500.52,1529.56
2024-06-11 15:00:00,1526.93,1532.585,1499.96,1504.18
2024-06-11 16:00:00,1504.18,1531.0,1503.79,1524.885
2024-06-11 17:00:00,1524.885,1530.07,1522.88,1527.52
2024-06-11 18:00:00,1526.81,1560.35,1526.145,1546.555
2024-06-11 19:00:00,1548.415,1562.35,1545.1,1555.5
2024-06-12 14:00:00,1646.16,1691.615,1646.16,1676.995
2024-06-12 15:00:00,1675.86,1681.06,1648.15,1660.98
2024-06-12 16:00:00,1662.51,1679.5,1650.86,1679.5
2024-06-12 17:00:00,1679.5,1684.86,1670.05,1678.06
2024-06-12 18:00:00,1673.225,1673.225,1616.48,1638.0
2024-06-12 19:00:00,1637.515,1651.67,1593.58,1603.71
2024-06-13 14:00:00,1546.75,1554.16,1508.59,1513.305
2024-06-13 15:00:00,1511.09,1525.65,1497.36,1506.67
2024-06-13 16:00:00,1506.67,1530.245,1500.19,1525.01
2024-06-13 17:00:00,1525.01,1526.17,1502.545,1504.435
2024-06-13 18:00:00,1504.435,1508.545,1478.78,1484.87
2024-06-13 19:00:00,1484.87,1487.67,1441.33,1483.99
2024-06-14 14:00:00,1502.025,1536.49,1493.11,1534.38
2024-06-14 15:00:00,1531.75,1535.51,1498.045,1506.33
2024-06-14 16:00:00,1506.74,1510.05,1462.38,1472.05
2024-06-14 17:00:00,1472.05,1494.405,1467.57,1480.0
2024-06-14 18:00:00,1476.855,1489.55,1475.0,1484.77
2024-06-14 19:00:00,1484.77,1501.45,1480.33,1496.19
2024-06-17 14:00:00,1429.83,1458.475,1422.73,1444.84
2024-06-17 15:00:00,1448.485,1469.8,1448.485,1454.02
2024-06-17 16:00:00,1455.02,1493.13,1455.02,1486.53
2024-06-17 17:00:00,1486.53,1518.59,1486.53,1518.59
2024-06-17 18:00:00,1520.2,1568.05,1514.46,1546.73
2024-06-17 19:00:00,1545.15,1545.15,1506.06,1509.77
2024-06-18 14:00:00,1464.01,1510.0,1464.01,1482.78
2024-06-18 15:00:00,1485.76,1496.78,1471.5,1486.115
2024-06-18 16:00:00,1486.51,1490.52,1474.62,1490.52
2024-06-18 17:00:00,1490.52,1492.015,1484.05,1489.51
2024-06-18 18:00:00,1486.76,1497.68,1471.87,1473.42
2024-06-18 19:00:00,1473.42,1478.86,1465.57,1467.62
2024-06-20 14:00:00,1482.53,1482.53,1445.28,1470.0
2024-06-20 15:00:00,1471.0,1475.49,1456.57,1456.835
2024-06-20 16:00:00,1454.5,1460.7,1442.19,1449.28
2024-06-20 17:00:00,1451.5,1452.81,1421.52,1448.15
2024-06-20 18:00:00,1450.0,1455.315,1445.21,1450.34
2024-06-20 19:00:00,1448.42,1473.125,1441.99,1466.67
2024-06-21 14:00:00,1440.52,1475.14,1431.47,1467.675
2024-06-21 15:00:00,1467.675,1474.72,1449.715,1466.4
2024-06-21 16:00:00,1467.18,1467.18,1451.22,1457.1
2024-06-21 17:00:00,1457.1,1466.32,1446.45,1454.45
2024-06-21 18:00:00,1452.58,1469.27,1452.39,1463.655
2024-06-21 19:00:00,1463.655,1489.115,1459.29,1488.61
2024-06-24 14:00:00,1434.7,1448.79,1396.5,1409.65
2024-06-24 15:00:00,1407.37,1411.83,1392.01,1392.01
2024-06-24 16:00:00,1394.6,1394.65,1340.02,1342.43
2024-06-24 17:00:00,1341.38,1366.155,1326.94,1365.35
2024-06-24 18:00:00,1365.35,1370.99,1337.75,1369.5
2024-06-24 19:00:00,1375.98,1390.93,1361.23,1371.51
2024-06-25 14:00:00,1425.0,1478.55,1424.27,1472.15
2024-06-25 15:00:00,1472.17,1486.505,1466.17,1483.12
2024-06-25 16:00:00,1485.075,1497.0,1468.64,1468.64
2024-06-25 17:00:00,1462.2,1488.98,1459.9,1474.7
2024-06-25 18:00:00,1471.5,1487.0,1461.0,1485.28
2024-06-25 19:00:00,1485.28,1498.31,1473.4,1495.07
2024-06-26 14:00:00,1475.91,1500.0,1475.91,1495.45
2024-06-26 15:00:00,1495.45,1495.45,1461.85,1472.4
2024-06-26 16:00:00,1473.12,1477.435,1465.15,1475.01
2024-06-26 17:00:00,1475.01,1475.01,1458.45,1465.9
2024-06-26 18:00:00,1466.39,1469.56,1453.68,1456.39
2024-06-26 19:00:00,1456.39,1466.33,1444.97,1458.56
2024-06-27 14:00:00,1494.57,1511.96,1480.98,1485.25
2024-06-27 15:00:00,1486.43,1499.73,1481.0,1494.0
2024-06-27 16:00:00,1494.29,1525.52,1490.91,1522.555
2024-06-27 17:00:00,1522.555,1538.8,1511.46,1512.24
2024-06-27 18:00:00,1505.3,1523.59,1503.0,1522.24
2024-06-27 19:00:00,1520.89,1529.01,1498.61,1525.86
2024-06-28 14:00:00,1464.845,1485.0,1445.0,1446.0
2024-06-28 15:00:00,1444.46,1448.415,1428.97,1441.26
2024-06-28 16:00:00,1439.305,1439.305,1416.65,1417.56
2024-06-28 17:00:00,1416.85,1426.46,1407.25,1416.495
2024-06-28 18:00:00,1415.94,1419.85,1406.06,1417.745
2024-06-28 19:00:00,1416.7,1417.48,1370.045,1377.49
2024-07-01 14:00:00,1414.8,1414.8,1390.01,1396.355
2024-07-01 15:00:00,1396.355,1408.0,1394.67,1406.06
2024-07-01 16:00:00,1406.095,1415.2,1398.08,1399.79
2024-07-01 17:00:00,1399.79,1416.9,1392.16,1416.9
2024-07-01 18:00:00,1416.9,1434.43,1402.2,1405.54
2024-07-01 19:00:00,1400.645,1400.77,1364.32,1366.93
2024-07-02 14:00:00,1357.49,1372.06,1343.71,1360.22
2024-07-02 15:00:00,1361.31,1365.43,1334.27,1335.96
2024-07-02 16:00:00,1331.84,1336.805,1327.96,1336.51
2024-07-02 17:00:00,1335.04,1336.96,1324.2,1328.97
2024-07-02 18:00:00,1328.97,1330.73,1310.01,1320.83
2024-07-02 19:00:00,1324.99,1328.57,1309.685,1321.225
2024-07-03 14:00:00,1319.975,1325.39,1287.01,1292.1
2024-07-03 15:00:00,1292.1,1294.94,1275.68,1287.9
2024-07-03 16:00:00,1287.9,1309.9,1284.26,1302.18
2024-07-05 14:00:00,1224.87,1234.2,1207.0,1231.73
2024-07-05 15:00:00,1233.51,1287.61,1227.6,1287.61
2024-07-05 16:00:00,1287.61,1292.17,1277.2,1284.77
2024-07-05 17:00:00,1284.24,1295.0,1280.62,1284.14
2024-07-05 18:00:00,1284.14,1284.14,1269.645,1275.87
2024-07-05 19:00:00,1275.87,1290.53,1275.64,1280.34
2024-07-08 14:00:00,1313.8,1324.52,1261.99,1295.0
2024-07-08 15:00:00,1295.0,1308.65,1279.69,1280.91
2024-07-08 16:00:00,1282.04,1288.34,1279.855,1285.48
2024-07-08 17:00:00,1285.48,1303.475,1280.0,1303.475
2024-07-08 18:00:00,1303.475,1303.475,1294.74,1296.69
2024-07-08 19:00:00,1295.95,1296.33,1287.14,1291.5
2024-07-09 14:00:00,1307.71,1318.65,1295.64,1297.66
2024-07-09 15:00:00,1293.83,1293.83,1277.9,1293.14
2024-07-09 16:00:00,1293.14,1304.345,1289.46,1293.67
2024-07-09 17:00:00,1293.54,1293.74,1281.69,1286.02
2024-07-09 18:00:00,1286.065,1313.97,1282.28,1313.97
2024-07-09 19:00:00,1315.03,1316.03,1297.38,1302.21
2024-07-10 14:00:00,1332.56,1334.81,1310.0,1310.0
2024-07-10 15:00:00,1310.0,1328.73,1297.5,1326.465
2024-07-10 16:00:00,1320.415,1323.19,1312.71,1314.77
2024-07-10 17:00:00,1314.77,1317.895,1303.65,1309.785
2024-07-10 18:00:00,1309.61,1312.065,1305.505,1310.915
2024-07-10 19:00:00,1310.915,1310.915,1298.5,1305.42
2024-07-11 14:00:00,1406.0,1406.0,1364.5,1378.91
2024-07-11 15:00:00,1378.91,1382.62,1339.08,1341.94
2024-07-11 16:00:00,1341.94,1361.09,1332.96,1348.85
2024-07-11 17:00:00,1348.08,1365.39,1341.5,1355.96
2024-07-11 19:00:00,1355.96,1377.7,1350.525,1357.63
2024-07-12 14:00:00,1356.53,1376.91,1344.98,1367.93
2024-07-12 15:00:00,1367.31,1396.17,1364.27,1386.885
2024-07-12 16:00:00,1381.585,1428.1,1379.5,1428.1
2024-07-12 17:00:00,1428.1,1429.45,1412.95,1417.31
2024-07-12 18:00:00,1415.92,1433.97,1409.59,1430.78
2024-07-12 19:00:00,1429.91,1429.91,1395.0,1395.0
2024-07-15 14:00:00,1527.89,1595.66,1519.98,1590.24
2024-07-15 15:00:00,1589.78,1601.82,1577.505,1598.45
2024-07-15 16:00:00,1596.81,1615.335,1583.89,1607.01
2024-07-15 17:00:00,1606.11,1637.01,1594.175,1594.96
2024-07-15 18:00:00,1594.81,1635.55,1592.25,1624.56
2024-07-15 19:00:00,1623.81,1632.99,1605.71,1611.85
2024-07-16 14:00:00,1585.55,1607.57,1579.89,1600.32
2024-07-16 15:00:00,1603.09,1670.87,1601.05,1664.805
2024-07-16 16:00:00,1664.82,1673.58,1637.645,1649.88
2024-07-16 17:00:00,1657.84,1657.84,1644.33,1646.42
2024-07-16 18:00:00,1647.0,1661.18,1642.495,1660.02
2024-07-16 19:00:00,1661.43,1672.0,1647.95,1661.09
2024-07-17 14:00:00,1663.77,1663.77,1638.12,1657.635
2024-07-17 15:00:00,1657.635,1662.35,1570.0,1573.375
2024-07-17 16:00:00,1574.235,1600.465,1532.5,1547.83
2024-07-17 17:00:00,1552.53,1578.765,1549.39,1572.895
2024-07-17 18:00:00,1566.64,1582.685,1564.9,1578.59
2024-07-17 19:00:00,1581.21,1614.55,1578.6,1592.73
2024-07-18 14:00:00,1579.86,1598.09,1547.97,1571.56
2024-07-18 15:00:00,1566.47,1571.7,1519.15,1537.76
2024-07-18 16:00:00,1535.16,1567.82,1526.25,1567.82
2024-07-18 17:00:00,1567.82,1570.13,1547.5,1547.5
2024-07-18 18:00:00,1547.84,1558.98,1542.99,1554.335
2024-07-18 19:00:00,1557.03,1564.32,1533.13,1556.31
2024-07-19 14:00:00,1630.8,1680.0,1622.65,1680.0
2024-07-19 15:00:00,1678.95,1701.32,1641.0,1693.08
2024-07-19 16:00:00,1692.995,1723.445,1692.41,1722.57
2024-07-19 17:00:00,1722.57,1755.485,1722.57,1752.875
2024-07-19 18:00:00,1753.01,1754.135,1726.79,1749.5
2024-07-19 19:00:00,1749.5,1782.88,1745.93,1777.02
2024-07-22 14:00:00,1754.02,1779.7,1736.84,1747.6
2024-07-22 15:00:00,1745.685,1777.3,1745.11,1773.55
2024-07-22 16:00:00,1771.77,1787.86,1767.41,1773.11
2024-07-22 17:00:00,1773.11,1795.14,1773.11,1793.89
2024-07-22 18:00:00,1793.89,1807.44,1790.94,1790.94
2024-07-22 19:00:00,1784.84,1809.79,1784.84,1802.13
2024-07-23 14:00:00,1748.93,1796.935,1733.15,1786.7
2024-07-23 15:00:00,1786.26,1787.37,1761.02,1771.89
2024-07-23 16:00:00,1772.715,1783.9,1734.865,1742.93
2024-07-23 17:00:00,1739.74,1749.885,1732.39,1742.0
2024-07-23 18:00:00,1738.43,1746.065,1730.84,1741.9
2024-07-23 19:00:00,1742.66,1753.395,1719.0,1719.0
2024-07-24 14:00:00,1687.75,1764.93,1687.75,1746.05
2024-07-24 15:00:00,1745.61,1749.13,1708.49,1714.23
2024-07-24 16:00:00,1714.23,1730.87,1699.78,1709.99
2024-07-24 17:00:00,1711.29,1746.18,1709.54,1735.09
2024-07-24 18:00:00,1735.09,1735.43,1679.145,1687.21
2024-07-24 19:00:00,1688.96,1702.78,1669.46,1672.01
2024-07-25 14:00:00,1525.17,1599.95,1511.0,1597.27
2024-07-25 15:00:00,1595.78,1621.805,1585.005,1621.8
2024-07-25 16:00:00,1626.85,1675.11,1625.37,1659.0
2024-07-25 17:00:00,1653.0,1669.01,1635.85,1646.45
2024-07-25 18:00:00,1645.41,1647.17,1599.48,1609.46
2024-07-25 19:00:00,1607.92,1631.23,1602.42,1606.12
2024-07-26 14:00:00,1766.53,1773.11,1722.61,1762.5
2024-07-26 15:00:00,1764.505,1767.9,1750.59,1764.45
2024-07-26 16:00:00,1764.45,1773.0,1754.045,1760.7
2024-07-26 17:00:00,1761.775,1774.15,1747.56,1756.52
2024-07-26 18:00:00,1756.52,1757.48,1742.72,1746.11
2024-07-26 19:00:00,1744.75,1762.5,1741.76,1749.91
2024-07-29 14:00:00,1772.72,1783.33,1696.205,1701.0
2024-07-29 15:00:00,1703.17,1717.64,1689.31,1717.49
2024-07-29 16:00:00,1721.18,1721.18,1673.03,1685.17
2024-07-29 17:00:00,1685.17,1695.355,1673.05,1682.965
2024-07-29 18:00:00,1681.26,1695.335,1678.5,1692.5
2024-07-29 19:00:00,1690.21,1697.5,1684.0,1684.64
2024-07-30 14:00:00,1648.505,1655.715,1613.51,1613.51
2024-07-30 15:00:00,1613.51,1632.01,1598.2,1620.93
2024-07-30 16:00:00,1621.135,1632.0,1601.18,1601.18
2024-07-30 17:00:00,1599.0,1619.58,1594.66,1616.22
2024-07-30 18:00:00,1616.22,1624.0,1607.58,1612.19
2024-07-30 19:00:00,1609.505,1621.63,1598.08,1605.56
2024-07-31 14:00:00,1645.775,1677.63,1636.795,1652.35
2024-07-31 15:00:00,1652.35,1667.0,1650.175,1654.56
2024-07-31 16:00:00,1654.305,1677.51,1654.305,1658.01
2024-07-31 17:00:00,1657.0,1665.0,1650.0,1657.105
2024-07-31 18:00:00,1649.54,1666.15,1642.505,1664.33
2024-07-31 19:00:00,1664.83,1671.775,1609.69,1614.27
2024-08-01 14:00:00,1623.04,1623.04,1559.93,1566.05
2024-08-01 15:00:00,1559.62,1559.62,1524.44,1545.0
2024-08-01 16:00:00,1545.0,1552.16,1524.76,1526.975
2024-08-01 17:00:00,1512.5,1517.36,1483.81,1515.41
2024-08-01 18:00:00,1517.84,1522.0,1485.67,1493.465
2024-08-01 19:00:00,1492.24,1523.25,1492.24,1514.17
2024-08-02 14:00:00,1568.665,1568.665,1462.08,1464.495
2024-08-02 15:00:00,1460.0,1496.5,1451.42,1483.03
2024-08-02 16:00:00,1486.515,1496.66,1447.72,1453.64
2024-08-02 17:00:00,1456.22,1466.6,1453.7,1456.17
2024-08-02 18:00:00,1455.37,1460.56,1417.74,1420.39
2024-08-02 19:00:00,1421.96,1456.69,1421.87,1448.92
2024-08-05 14:00:00,1231.75,1301.94,1215.76,1286.0
2024-08-05 15:00:00,1285.37,1336.0,1268.42,1317.12
2024-08-05 16:00:00,1317.73,1352.33,1299.82,1302.77
2024-08-05 17:00:00,1304.55,1334.05,1300.66,1329.6
2024-08-05 18:00:00,1330.69,1330.69,1273.19,1273.19
2024-08-05 19:00:00,1275.52,1311.64,1269.96,1310.65
2024-08-06 14:00:00,1295.8,1350.6,1295.8,1327.46
2024-08-06 15:00:00,1327.46,1340.48,1309.67,1324.29
2024-08-06 16:00:00,1324.29,1371.37,1324.29,1367.96
2024-08-06 17:00:00,1367.96,1375.39,1363.915,1368.51
2024-08-06 18:00:00,1370.25,1392.95,1364.72,1379.84
2024-08-06 19:00:00,1376.79,1378.64,1359.26,1371.12
2024-08-07 14:00:00,1363.38,1374.11,1310.06,1325.7
2024-08-07 15:00:00,1323.45,1334.4,1279.95,1304.73
2024-08-07 16:00:00,1301.36,1311.5,1289.01,1304.23
2024-08-07 17:00:00,1304.23,1310.635,1284.0,1284.0
2024-08-07 18:00:00,1284.0,1287.0,1240.52,1251.75
2024-08-07 19:00:00,1251.43,1277.45,1243.265,1247.02
2024-08-08 14:00:00,129.84,135.45,129.79,134.76
2024-08-08 15:00:00,134.7,134.915,132.7,134.6
2024-08-08 16:00:00,134.405,136.02,128.2,131.79
2024-08-08 17:00:00,131.67,133.75,129.83,132.68
2024-08-08 18:00:00,132.65,135.12,132.63,133.6
2024-08-08 19:00:00,133.5,136.675,133.06,135.92
2024-08-09 14:00:00,133.26,136.375,131.72,133.665
2024-08-09 15:00:00,133.755,134.475,130.165,130.26
2024-08-09 16:00:00,130.34,131.75,129.66,131.71
2024-08-09 17:00:00,131.525,134.23,131.03,133.18
2024-08-09 18:00:00,133.345,134.39,132.28,133.965
2024-08-09 19:00:00,134.12,135.74,133.495,135.435
2024-08-12 14:00:00,130.13,138.71,129.91,134.51
2024-08-12 15:00:00,134.81,134.9,131.12,133.1
2024-08-12 16:00:00,133.45,133.74,130.79,130.9
2024-08-12 17:00:00,131.04,133.07,130.53,131.915
2024-08-12 18:00:00,131.74,132.49,130.69,130.8
2024-08-12 19:00:00,131.05,132.63,131.02,131.53
2024-08-13 14:00:00,135.095,136.08,132.07,134.68
2024-08-13 15:00:00,134.725,135.02,132.32,132.88
2024-08-13 16:00:00,132.62,137.78,132.39,137.625
2024-08-13 17:00:00,137.79,139.72,137.03,137.77
2024-08-13 18:00:00,137.92,138.61,137.38,137.62
2024-08-13 19:00:00,137.45,137.45,135.12,135.305
2024-08-14 14:00:00,130.95,131.88,129.94,131.33
2024-08-14 15:00:00,131.37,132.025,130.135,131.61
2024-08-14 16:00:00,131.575,131.74,129.41,130.32
2024-08-14 17:00:00,130.14,130.67,129.36,130.175
2024-08-14 18:00:00,129.89,131.04,129.8,130.325
2024-08-14 19:00:00,130.295,130.78,129.37,130.47
2024-08-15 14:00:00,134.39,139.0,133.61,135.7
2024-08-15 15:00:00,135.7,138.08,135.08,137.16
2024-08-15 16:00:00,136.81,137.28,135.51,135.66
2024-08-15 17:00:00,135.68,136.08,134.78,134.78
2024-08-15 18:00:00,134.605,134.605,132.61,133.4
2024-08-15 19:00:00,133.0,133.0,130.74,131.98
2024-08-16 14:00:00,135.35,135.43,129.1,129.465
2024-08-16 15:00:00,129.27,130.37,127.57,128.88
2024-08-16 16:00:00,128.65,130.73,128.145,130.58
2024-08-16 17:00:00,130.54,134.37,130.08,134.02
2024-08-16 18:00:00,134.08,134.335,132.825,133.89
2024-08-16 19:00:00,133.865,134.11,132.54,133.01
2024-08-19 14:00:00,132.89,134.39,132.22,133.37
2024-08-19 15:00:00,133.54,136.5,132.4,132.4
2024-08-19 16:00:00,132.34,132.82,131.2,132.79
2024-08-19 17:00:00,133.07,135.33,133.07,134.16
2024-08-19 18:00:00,134.16,135.05,133.72,134.57
2024-08-19 19:00:00,134.28,135.43,134.08,135.25
2024-08-20 14:00:00,141.04,141.05,131.87,132.005
2024-08-20 15:00:00,132.005,133.56,131.42,132.69
2024-08-20 16:00:00,132.56,132.69,131.31,131.53
2024-08-20 17:00:00,131.46,132.4,130.64,132.4
2024-08-20 18:00:00,132.35,134.34,132.26,132.68
2024-08-20 19:00:00,132.68,134.54,132.56,133.755
2024-08-21 14:00:00,136.895,138.87,134.67,135.25
2024-08-21 15:00:00,135.15,139.525,134.63,137.25
2024-08-21 16:00:00,137.19,138.455,136.355,138.13
2024-08-21 17:00:00,137.94,137.94,136.95,137.265
2024-08-21 18:00:00,137.28,141.2,137.08,140.24
2024-08-21 19:00:00,139.95,142.54,139.585,141.15
2024-08-22 14:00:00,140.62,140.76,136.86,138.78
2024-08-22 15:00:00,138.785,139.795,135.87,136.495
2024-08-22 16:00:00,136.48,138.01,136.48,137.01
2024-08-22 17:00:00,136.97,138.06,136.17,136.37
2024-08-22 18:00:00,136.345,136.84,135.685,135.915
2024-08-22 19:00:00,135.92,136.24,133.71,133.81
2024-08-23 14:00:00,138.79,144.93,137.315,139.32
2024-08-23 15:00:00,139.35,142.86,139.09,140.84
2024-08-23 16:00:00,141.06,142.65,140.18,142.265
2024-08-23 17:00:00,142.19,147.405,142.01,146.94
2024-08-23 18:00:00,147.055,150.02,145.105,149.085
2024-08-23 19:00:00,148.97,151.75,147.82,149.96
2024-08-26 14:00:00,149.14,151.35,146.75,148.91
2024-08-26 15:00:00,148.77,149.37,147.65,148.845
2024-08-26 16:00:00,148.78,150.99,148.45,150.23
2024-08-26 17:00:00,150.16,152.29,147.77,147.83
2024-08-26 18:00:00,147.79,148.49,146.76,147.92
2024-08-26 19:00:00,147.92,149.48,146.7,146.96
2024-08-27 14:00:00,141.21,142.895,138.85,140.365
2024-08-27 15:00:00,140.37,140.4,138.33,139.295
2024-08-27 16:00:00,139.17,140.91,138.75,138.75
2024-08-27 17:00:00,138.49,140.89,138.255,140.63
2024-08-27 18:00:00,140.51,141.65,140.225,140.76
2024-08-27 19:00:00,140.77,140.82,139.75,140.0
2024-08-28 14:00:00,134.935,136.59,133.55,134.78
2024-08-28 15:00:00,134.77,134.79,131.71,133.5
2024-08-28 16:00:00,133.5,133.64,130.79,132.695
2024-08-28 17:00:00,132.62,133.14,130.8,130.835
2024-08-28 18:00:00,130.9,133.33,130.82,133.3
2024-08-28 19:00:00,133.47,133.99,132.01,132.16
2024-08-29 14:00:00,138.21,138.88,134.55,135.87
2024-08-29 15:00:00,135.97,137.6,135.7,136.02
2024-08-29 16:00:00,136.12,136.89,133.485,134.09
2024-08-29 17:00:00,134.1,134.895,133.43,134.27
2024-08-29 18:00:00,134.04,134.4,131.04,131.49
2024-08-29 19:00:00,131.62,133.27,131.3,132.65
2024-08-30 14:00:00,134.06,135.21,129.89,129.92
2024-08-30 15:00:00,129.78,131.14,128.77,129.79
2024-08-30 16:00:00,129.67,130.505,128.39,130.15
2024-08-30 17:00:00,130.15,131.05,129.815,130.63
2024-08-30 18:00:00,130.71,131.78,130.63,131.63
2024-08-30 19:00:00,131.6,133.33,131.11,132.36
2024-09-03 14:00:00,128.98,129.7,127.34,128.9
2024-09-03 15:00:00,129.01,129.42,126.12,126.5
2024-09-03 16:00:00,126.58,127.12,125.39,126.19
2024-09-03 17:00:00,126.005,126.49,124.4,124.4
2024-09-03 18:00:00,124.51,124.555,123.01,123.71
2024-09-03 19:00:00,123.75,124.58,122.21,122.39
2024-09-04 14:00:00,120.12,125.28,117.96,125.24
2024-09-04 15:00:00,125.55,125.9,123.21,125.475
2024-09-04 16:00:00,125.135,125.45,123.81,124.28
2024-09-04 17:00:00,124.27,124.5,122.88,123.96
2024-09-04 18:00:00,123.96,124.285,122.9,123.52
2024-09-04 19:00:00,123.52,125.12,122.8,125.12
2024-09-05 14:00:00,124.73,125.89,122.89,123.375
2024-09-05 15:00:00,123.315,123.92,120.31,120.77
2024-09-05 16:00:00,121.06,121.9,120.9,121.41
2024-09-05 17:00:00,121.41,122.49,121.01,122.4
2024-09-05 18:00:00,122.5,122.8,121.79,122.145
2024-09-05 19:00:00,122.09,122.11,119.48,119.58
2024-09-06 14:00:00,120.02,120.2,117.44,118.17
2024-09-06 15:00:00,118.2,119.83,116.45,116.64
2024-09-06 16:00:00,116.64,116.7,114.35,114.85
2024-09-06 17:00:00,115.05,116.85,114.855,115.2
2024-09-06 18:00:00,115.195,115.325,113.84,114.31
2024-09-06 19:00:00,114.27,115.67,114.26,114.28
2024-09-09 14:00:00,123.45,123.49,118.95,119.35
2024-09-09 15:00:00,119.405,123.055,119.405,122.56
2024-09-09 16:00:00,122.565,124.91,122.16,124.37
2024-09-09 17:00:00,124.25,125.15,123.175,123.65
2024-09-09 18:00:00,123.65,124.38,123.42,123.97
2024-09-09 19:00:00,123.88,125.15,123.795,124.89
2024-09-10 14:00:00,122.78,126.095,122.445,124.53
2024-09-10 15:00:00,124.44,126.0,122.86,122.87
2024-09-10 16:00:00,122.82,124.5,122.515,124.3
2024-09-10 17:00:00,124.31,126.83,124.22,126.02
2024-09-10 18:00:00,126.05,128.2,126.05,127.92
2024-09-10 19:00:00,127.92,129.7,126.98,129.7
2024-09-11 14:00:00,122.83,125.07,122.48,124.36
2024-09-11 15:00:00,124.22,128.0,123.95,126.6
2024-09-11 16:00:00,127.07,129.0,127.03,128.57
2024-09-11 17:00:00,128.73,129.5,128.42,128.93
2024-09-11 18:00:00,129.05,130.98,128.71,129.365
2024-09-11 19:00:00,129.04,129.38,128.11,128.94
2024-09-12 14:00:00,130.22,134.035,129.71,129.71
2024-09-12 15:00:00,129.63,131.35,129.26,129.885
2024-09-12 16:00:00,130.195,130.92,129.76,130.89
2024-09-12 17:00:00,130.93,132.0,130.5,131.51
2024-09-12 18:00:00,131.41,132.09,130.045,131.21
2024-09-12 19:00:00,131.08,131.395,130.4,130.76
2024-09-13 14:00:00,133.0,136.98,131.77,136.96
2024-09-13 15:00:00,136.88,140.39,136.06,139.77
2024-09-13 16:00:00,139.75,140.67,138.31,140.36
2024-09-13 17:00:00,140.65,142.97,140.36,141.61
2024-09-13 18:00:00,141.61,142.665,140.18,141.695
2024-09-13 19:00:00,141.675,142.33,140.74,141.225
2024-09-16 14:00:00,136.43,137.76,133.41,133.61
2024-09-16 15:00:00,133.48,136.41,133.22,136.23
2024-09-16 16:00:00,136.24,136.85,135.415,136.14
2024-09-16 17:00:00,136.205,136.205,134.18,136.07
2024-09-16 18:00:00,135.93,135.93,134.85,135.44
2024-09-16 19:00:00,135.44,135.8,134.485,134.65
2024-09-17 14:00:00,134.51,138.27,133.93,135.32
2024-09-17 15:00:00,135.5,140.08,134.72,136.19
2024-09-17 16:00:00,136.2,136.34,132.345,132.59
2024-09-17 17:00:00,132.56,132.62,128.92,129.9
2024-09-17 18:00:00,129.81,130.93,129.345,130.27
2024-09-17 19:00:00,130.23,132.53,129.8,131.12
2024-09-18 14:00:00,129.415,134.09,128.58,132.91
2024-09-18 15:00:00,133.03,133.97,130.52,131.06
2024-09-18 16:00:00,130.67,134.92,130.515,134.54
2024-09-18 17:00:00,134.54,134.78,133.17,133.4
2024-09-18 18:00:00,133.275,139.34,133.035,135.03
2024-09-18 19:00:00,134.47,134.62,131.5,132.62
2024-09-19 14:00:00,142.77,145.56,142.69,143.59
2024-09-19 15:00:00,143.58,148.1,143.42,146.825
2024-09-19 16:00:00,146.49,148.79,145.42,148.57
2024-09-19 17:00:00,148.57,148.84,146.21,147.96
2024-09-19 18:00:00,147.94,148.12,146.88,147.8
2024-09-19 19:00:00,147.81,147.82,143.24,144.64
2024-09-20 14:00:00,144.52,146.5,141.69,145.61
2024-09-20 15:00:00,145.36,148.02,144.14,147.73
2024-09-20 16:00:00,147.2,147.83,145.515,145.515
2024-09-20 17:00:00,145.515,146.39,144.07,144.48
2024-09-20 18:00:00,144.48,145.97,143.8,145.97
2024-09-20 19:00:00,145.8,145.99,144.245,144.75
2024-09-23 14:00:00,148.25,150.71,147.44,148.48
2024-09-23 15:00:00,147.8,151.38,146.31,150.56
2024-09-23 16:00:00,150.6,150.805,148.06,149.69
2024-09-23 17:00:00,149.64,150.05,148.905,149.61
2024-09-23 18:00:00,149.58,150.8,149.48,149.925
2024-09-23 19:00:00,149.92,150.15,148.5,149.96
2024-09-24 14:00:00,150.56,151.6,147.99,150.04
2024-09-24 15:00:00,149.83,149.92,146.81,147.9
2024-09-24 16:00:00,147.555,148.64,147.0,147.955
2024-09-24 17:00:00,147.955,152.52,147.58,151.64
2024-09-24 18:00:00,151.64,152.32,150.72,151.13
2024-09-24 19:00:00,151.09,154.22,151.09,153.855
2024-09-25 14:00:00,155.46,157.34,155.04,156.085
2024-09-25 15:00:00,156.19,157.81,154.425,154.67
2024-09-25 16:00:00,154.8,155.82,154.23,154.23
2024-09-25 17:00:00,154.36,154.375,151.55,152.79
2024-09-25 18:00:00,152.62,153.54,152.59,153.07
2024-09-25 19:00:00,152.94,153.74,151.855,151.94
2024-09-26 14:00:00,158.28,165.25,157.63,159.1
2024-09-26 15:00:00,158.915,165.925,156.97,164.78
2024-09-26 16:00:00,164.95,166.7,164.06,165.35
2024-09-26 17:00:00,165.14,166.92,164.5,165.41
2024-09-26 18:00:00,165.72,166.86,164.91,166.595
2024-09-26 19:00:00,166.915,167.46,165.595,165.785
2024-09-27 14:00:00,173.765,178.13,173.0,176.225
2024-09-27 15:00:00,176.185,177.53,174.8,176.16
2024-09-27 16:00:00,175.935,179.51,175.85,178.72
2024-09-27 17:00:00,178.815,179.015,175.235,177.5
2024-09-27 18:00:00,177.74,178.075,173.35,175.17
2024-09-27 19:00:00,175.11,176.34,173.495,176.25
2024-09-30 14:00:00,173.6,175.03,169.07,172.29
2024-09-30 15:00:00,172.27,175.49,172.07,172.07
2024-09-30 16:00:00,172.13,172.945,170.62,170.74
2024-09-30 17:00:00,170.575,171.835,169.41,171.71
2024-09-30 18:00:00,171.71,172.275,169.235,170.6
2024-09-30 19:00:00,170.2,171.08,168.28,168.49
2024-10-01 14:00:00,165.49,166.75,160.06,161.86
2024-10-01 15:00:00,161.9,163.24,157.03,162.225
2024-10-01 16:00:00,162.07,163.75,159.2,160.94
2024-10-01 17:00:00,160.94,162.59,157.35,162.13
2024-10-01 18:00:00,162.235,165.1,162.235,164.5
2024-10-01 19:00:00,164.17,164.32,161.57,162.64
2024-10-02 14:00:00,162.0,165.04,161.99,163.29
2024-10-02 15:00:00,163.3,171.85,163.245,171.85
2024-10-02 16:00:00,171.83,173.6,170.49,170.49
2024-10-02 17:00:00,170.21,171.14,168.86,170.84
2024-10-02 18:00:00,170.83,171.2,167.66,167.66
2024-10-02 19:00:00,167.585,167.88,163.94,164.59
2024-10-03 14:00:00,163.21,165.85,160.98,160.98
2024-10-03 15:00:00,160.54,162.19,160.27,161.72
2024-10-03 16:00:00,161.78,162.8,158.8,158.91
2024-10-03 17:00:00,158.71,161.55,157.94,161.26
2024-10-03 18:00:00,161.26,162.9,160.66,162.01
2024-10-03 19:00:00,162.01,163.61,161.63,163.46
2024-10-04 14:00:00,169.26,169.84,164.11,166.82
2024-10-04 15:00:00,166.82,170.8,166.58,170.22
2024-10-04 16:00:00,170.62,173.28,169.07,173.06
2024-10-04 17:00:00,172.97,174.26,171.8,173.28
2024-10-04 18:00:00,173.26,174.78,173.0,174.73
2024-10-04 19:00:00,174.83,176.54,174.44,176.54
2024-10-07 14:00:00,187.67,191.69,186.26,188.56
2024-10-07 15:00:00,188.43,191.19,185.5,189.53
2024-10-07 16:00:00,189.47,191.805,189.09,190.37
2024-10-07 17:00:00,190.38,191.3,188.49,189.95
2024-10-07 18:00:00,190.12,190.6,182.2,184.18
2024-10-07 19:00:00,184.53,187.54,184.22,186.105
2024-10-08 14:00:00,193.59,197.245,191.01,197.13
2024-10-08 15:00:00,196.67,197.13,191.61,193.86
2024-10-08 16:00:00,193.87,198.44,192.76,198.43
2024-10-08 17:00:00,198.29,198.29,194.925,197.7
2024-10-08 18:00:00,197.78,198.48,193.72,193.84
2024-10-08 19:00:00,193.66,194.195,190.695,192.145
2024-10-09 14:00:00,189.325,192.26,188.27,190.45
2024-10-09 15:00:00,190.45,198.25,190.45,197.1
2024-10-09 16:00:00,197.16,197.16,193.94,195.305
2024-10-09 17:00:00,195.305,195.305,192.42,192.8
2024-10-09 18:00:00,192.58,193.97,188.01,188.17
2024-10-09 19:00:00,188.17,189.79,186.82,188.96
2024-10-10 14:00:00,185.04,187.64,184.0,184.99
2024-10-10 15:00:00,184.92,186.73,183.52,186.54
2024-10-10 16:00:00,186.64,188.92,185.55,185.55
2024-10-10 17:00:00,185.455,186.09,182.62,182.67
2024-10-10 18:00:00,182.73,183.14,178.0,183.14
2024-10-10 19:00:00,182.97,183.85,181.62,183.47
2024-10-11 14:00:00,196.325,202.42,195.32,202.03
2024-10-11 15:00:00,201.85,206.51,201.79,204.22
2024-10-11 16:00:00,204.215,206.73,203.15,204.17
2024-10-11 17:00:00,204.07,210.13,203.88,209.93
2024-10-11 18:00:00,210.1,210.84,207.48,208.995
2024-10-11 19:00:00,208.91,212.73,208.56,212.72
2024-10-14 14:00:00,224.15,226.875,219.39,222.46
2024-10-14 15:00:00,222.38,225.03,215.42,215.78
2024-10-14 16:00:00,215.86,218.31,208.7,209.46
2024-10-14 17:00:00,210.37,211.15,206.2,206.2
2024-10-14 18:00:00,206.82,206.825,201.83,203.585
2024-10-14 19:00:00,203.555,206.18,201.45,201.65
2024-10-15 14:00:00,209.0,211.0,189.8,195.4
2024-10-15 15:00:00,195.46,197.7,189.9,195.86
2024-10-15 16:00:00,196.0,201.83,195.82,198.18
2024-10-15 17:00:00,198.01,200.19,196.82,199.42
2024-10-15 18:00:00,199.02,201.67,198.97,199.39
2024-10-15 19:00:00,198.73,199.67,194.29,194.545
2024-10-16 14:00:00,193.6,197.68,192.0,194.405
2024-10-16 15:00:00,194.45,199.72,194.26,198.23
2024-10-16 16:00:00,198.635,199.88,196.4,199.38
2024-10-16 17:00:00,199.44,199.44,196.66,196.9
2024-10-16 18:00:00,197.135,198.72,195.99,196.92
2024-10-16 19:00:00,196.93,197.41,193.965,194.15
2024-10-17 14:00:00,193.0,194.6,189.47,194.19
2024-10-17 15:00:00,194.33,198.445,192.8,198.26
2024-10-17 16:00:00,198.495,198.645,194.4,196.015
2024-10-17 17:00:00,196.47,197.62,195.515,196.59
2024-10-17 18:00:00,196.51,196.68,193.45,194.23
2024-10-17 19:00:00,194.41,194.65,191.94,193.61
2024-10-18 14:00:00,206.98,208.05,203.74,206.3
2024-10-18 15:00:00,206.65,213.11,205.76,211.45
2024-10-18 16:00:00,211.44,212.7,208.85,211.66
2024-10-18 17:00:00,211.495,215.575,211.44,214.615
2024-10-18 18:00:00,214.25,218.63,213.32,217.33
2024-10-18 19:00:00,217.395,218.54,214.05,215.83
2024-10-21 14:00:00,212.76,215.02,210.0,213.595
2024-10-21 15:00:00,213.59,216.54,210.49,216.41
2024-10-21 16:00:00,216.65,217.9,212.95,216.11
2024-10-21 17:00:00,216.33,219.11,215.68,217.355
2024-10-21 18:00:00,216.77,219.15,216.4,219.14
2024-10-21 19:00:00,219.08,223.09,219.08,219.415
2024-10-22 14:00:00,215.74,221.12,214.9,220.67
2024-10-22 15:00:00,220.765,221.28,216.77,218.59
2024-10-22 16:00:00,218.18,218.24,215.51,216.4
2024-10-22 17:00:00,216.4,217.93,214.92,216.12
2024-10-22 18:00:00,216.17,217.0,214.25,216.165
2024-10-22 19:00:00,216.185,220.65,216.025,220.475
2024-10-23 14:00:00,221.51,222.59,217.63,219.345
2024-10-23 15:00:00,219.2,219.35,214.44,217.165
2024-10-23 16:00:00,217.15,217.46,212.93,213.58
2024-10-23 17:00:00,213.2,213.335,206.09,206.09
2024-10-23 18:00:00,205.97,213.23,205.0,213.16
2024-10-23 19:00:00,213.07,216.9,212.12,214.03
2024-10-24 14:00:00,227.72,230.88,226.0,226.77
2024-10-24 15:00:00,227.47,229.58,222.82,223.56
2024-10-24 16:00:00,223.93,224.6,220.1,223.02
2024-10-24 17:00:00,222.52,224.35,221.08,223.48
2024-10-24 18:00:00,223.66,230.465,223.66,230.23
2024-10-24 19:00:00,230.18,235.45,228.64,234.88
2024-10-25 14:00:00,241.5,244.41,238.46,242.0
2024-10-25 15:00:00,241.97,245.37,237.61,239.99
2024-10-25 16:00:00,240.26,241.725,237.99,240.67
2024-10-25 17:00:00,240.68,243.37,234.01,234.01
2024-10-25 18:00:00,234.42,237.515,228.12,234.155
2024-10-25 19:00:00,233.83,236.3,232.2,234.23
2024-10-28 14:00:00,248.365,251.22,245.355,248.62
2024-10-28 15:00:00,248.63,248.63,244.22,246.75
2024-10-28 16:00:00,246.36,250.99,245.98,250.16
2024-10-28 17:00:00,250.1,253.59,249.39,253.105
2024-10-28 18:00:00,253.23,255.04,252.185,254.72
2024-10-28 19:00:00,254.62,259.435,254.59,255.21
2024-10-29 14:00:00,266.505,267.035,251.34,253.69
2024-10-29 15:00:00,253.99,261.82,251.56,261.29
2024-10-29 16:00:00,261.275,263.75,259.72,262.66
2024-10-29 17:00:00,262.675,263.505,255.5,257.79
2024-10-29 18:00:00,257.74,260.37,256.29,258.12
2024-10-29 19:00:00,259.17,259.55,252.66,257.95
2024-10-30 14:00:00,249.22,255.8,249.15,255.22
2024-10-30 15:00:00,254.85,255.14,252.32,254.14
2024-10-30 16:00:00,253.33,255.42,252.21,254.4
2024-10-30 17:00:00,254.225,254.43,249.015,250.5
2024-10-30 18:00:00,250.47,252.54,249.79,250.37
2024-10-30 19:00:00,250.44,250.44,245.64,247.37
2024-10-31 14:00:00,240.0,248.97,238.7,240.76
2024-10-31 15:00:00,240.2,246.0,239.21,243.995
2024-10-31 16:00:00,244.125,249.19,242.71,249.025
2024-10-31 17:00:00,248.84,252.77,247.52,248.7
2024-10-31 18:00:00,248.88,248.88,242.7,247.15
2024-10-31 19:00:00,247.215,249.25,242.9,244.42
2024-11-01 14:00:00,240.52,255.63,239.25,251.685
2024-11-01 15:00:00,251.44,251.74,232.38,234.44
2024-11-01 16:00:00,234.27,237.89,230.22,230.22
2024-11-01 17:00:00,230.35,233.64,226.75,229.31
2024-11-01 18:00:00,229.22,230.36,226.89,229.04
2024-11-01 19:00:00,228.63,230.66,225.98,229.58
2024-11-04 15:00:00,230.57,231.465,227.76,230.25
2024-11-04 16:00:00,230.215,230.33,222.7,223.81
2024-11-04 17:00:00,223.84,229.13,222.79,227.98
2024-11-04 18:00:00,228.09,228.95,226.39,226.755
2024-11-04 19:00:00,226.87,228.245,222.82,222.895
2024-11-04 20:00:00,222.84,224.3,220.85,223.17
2024-11-05 15:00:00,241.13,241.16,232.6,234.6
2024-11-05 16:00:00,233.14,236.26,231.55,233.435
2024-11-05 17:00:00,233.2,233.58,227.6,229.58
2024-11-05 18:00:00,229.25,233.49,228.475,233.135
2024-11-05 19:00:00,233.19,234.0,225.5,226.84
2024-11-05 20:00:00,226.42,230.65,225.55,227.81
2024-11-06 15:00:00,252.2,253.43,242.845,249.61
2024-11-06 16:00:00,250.37,255.74,249.8,251.73
2024-11-06 17:00:00,251.54,254.8,249.73,253.22
2024-11-06 18:00:00,252.97,258.25,252.92,258.13
2024-11-06 19:00:00,258.25,258.91,254.69,258.53
2024-11-06 20:00:00,258.36,260.66,255.72,257.36
2024-11-07 15:00:00,258.0,266.47,257.77,265.87
2024-11-07 16:00:00,266.05,268.14,263.77,266.62
2024-11-07 17:00:00,266.45,275.95,266.305,273.3
2024-11-07 18:00:00,273.27,274.1,267.17,272.24
2024-11-07 19:00:00,272.36,278.86,269.99,278.8
2024-11-07 20:00:00,278.37,280.58,269.56,270.81
2024-11-08 15:00:00,275.89,277.9,271.37,273.75
2024-11-08 16:00:00,273.925,273.925,262.69,265.06
2024-11-08 17:00:00,266.34,270.17,265.36,269.02
2024-11-08 18:00:00,268.98,271.875,267.66,271.83
2024-11-08 19:00:00,271.785,273.6,270.55,271.0
2024-11-08 20:00:00,271.2,271.2,265.58,270.39
2024-11-11 15:00:00,299.195,323.12,297.2,316.23
2024-11-11 16:00:00,317.23,324.58,314.38,316.465
2024-11-11 17:00:00,316.465,325.03,315.75,323.82
2024-11-11 18:00:00,323.52,329.87,319.09,329.6
2024-11-11 19:00:00,330.0,334.9,328.19,334.09
2024-11-11 20:00:00,333.98,351.59,333.42,339.74
2024-11-12 15:00:00,343.16,357.35,341.175,346.9
2024-11-12 16:00:00,347.06,349.99,335.0,341.66
2024-11-12 17:00:00,341.72,351.37,338.355,339.42
2024-11-12 18:00:00,339.38,351.45,337.49,349.38
2024-11-12 19:00:00,349.38,356.64,347.91,348.34
2024-11-12 20:00:00,348.35,360.68,348.35,356.69
2024-11-13 15:00:00,379.11,379.46,353.65,363.57
2024-11-13 16:00:00,363.755,369.33,350.53,357.46
2024-11-13 17:00:00,357.455,361.3,350.94,356.12
2024-11-13 18:00:00,357.0,358.305,346.5,354.0
2024-11-13 19:00:00,353.965,355.12,329.55,329.56
2024-11-13 20:00:00,329.63,340.16,321.8,328.42
2024-11-14 15:00:00,332.16,339.0,318.63,318.925
2024-11-14 16:00:00,319.33,334.45,319.19,332.795
2024-11-14 17:00:00,332.99,333.745,325.59,330.33
2024-11-14 18:00:00,329.79,338.05,329.67,332.39
2024-11-14 19:00:00,332.39,338.29,332.39,337.5
2024-11-14 20:00:00,337.515,337.515,326.57,327.67
2024-11-15 15:00:00,333.58,336.52,324.29,334.26
2024-11-15 16:00:00,334.08,342.0,333.5,334.89
2024-11-15 17:00:00,336.055,336.59,330.94,332.78
2024-11-15 18:00:00,332.66,336.46,332.165,333.875
2024-11-15 19:00:00,334.025,342.88,332.5,341.94
2024-11-15 20:00:00,341.8,349.735,340.0,340.56
2024-11-18 15:00:00,352.41,370.0,351.69,369.91
2024-11-18 16:00:00,369.81,377.2,367.05,373.105
2024-11-18 17:00:00,372.57,375.44,366.33,369.42
2024-11-18 18:00:00,369.55,373.835,366.7,371.65
2024-11-18 19:00:00,371.56,371.56,356.53,370.34
2024-11-18 20:00:00,370.5,388.32,369.58,384.91
2024-11-19 15:00:00,397.88,416.0,393.64,414.8
2024-11-19 16:00:00,415.1,417.21,405.0,412.57
2024-11-19 17:00:00,412.615,419.46,409.54,417.79
2024-11-19 18:00:00,417.54,429.5,417.22,429.46
2024-11-19 19:00:00,429.69,430.01,421.88,426.62
2024-11-19 20:00:00,426.25,449.0,426.05,430.81
2024-11-20 15:00:00,473.56,499.16,461.0,494.37
2024-11-20 16:00:00,494.59,498.0,467.0,490.53
2024-11-20 17:00:00,490.85,497.6,487.46,491.74
2024-11-20 18:00:00,491.835,496.89,479.57,489.99
2024-11-20 19:00:00,489.6,495.3,483.84,491.065
2024-11-20 20:00:00,490.99,504.49,472.48,473.82
2024-11-21 15:00:00,492.62,494.25,426.0,465.9
2024-11-21 16:00:00,466.68,487.93,456.0,470.37
2024-11-21 17:00:00,469.89,475.31,459.74,461.79
2024-11-21 18:00:00,462.16,468.17,447.72,450.885
2024-11-21 19:00:00,452.05,454.46,406.2,410.26
2024-11-21 20:00:00,409.89,423.24,372.31,397.19
2024-11-22 15:00:00,406.86,429.25,403.01,421.3
2024-11-22 16:00:00,420.75,435.355,418.11,434.09
2024-11-22 17:00:00,434.58,445.16,428.01,444.22
2024-11-22 18:00:00,444.45,452.65,431.62,441.325
2024-11-22 19:00:00,441.32,450.43,438.12,445.51
2024-11-22 20:00:00,445.72,446.675,420.58,420.915
2024-11-25 15:00:00,397.75,430.57,394.36,412.64
2024-11-25 16:00:00,413.28,420.41,406.33,409.36
2024-11-25 17:00:00,408.735,412.72,400.9,406.88
2024-11-25 18:00:00,407.0,411.38,396.62,403.25
2024-11-25 19:00:00,402.0,406.39,394.65,395.02
2024-11-25 20:00:00,395.0,406.665,391.19,404.6
2024-11-26 15:00:00,398.52,401.06,378.0,378.31
2024-11-26 16:00:00,378.75,397.48,373.01,388.09
2024-11-26 17:00:00,387.84,387.93,378.96,379.265
2024-11-26 18:00:00,379.205,382.16,365.0,365.215
2024-11-26 19:00:00,364.65,366.77,338.68,346.94
2024-11-26 20:00:00,346.74,363.08,342.28,353.55
2024-11-27 15:00:00,390.87,393.59,379.02,379.02
2024-11-27 16:00:00,379.59,388.18,372.9,379.41
2024-11-27 17:00:00,379.4,383.41,374.95,382.59
2024-11-27 18:00:00,382.44,394.72,381.75,389.8
2024-11-27 20:00:00,389.39,397.54,385.0,388.095
2024-11-29 15:00:00,411.05,417.315,400.34,401.33
2024-11-29 16:00:00,401.135,403.49,391.255,391.26
2024-11-29 17:00:00,391.15,395.24,381.1,386.485
2024-12-02 15:00:00,383.63,394.35,375.32,391.03
2024-12-02 16:00:00,391.67,393.08,383.39,384.2
2024-12-02 17:00:00,384.33,386.95,377.6,378.52
2024-12-02 18:00:00,378.36,387.0,378.21,382.52
2024-12-02 19:00:00,381.89,381.96,376.89,381.53
2024-12-02 20:00:00,381.43,385.17,374.51,380.13
2024-12-03 15:00:00,382.0,392.6,377.72,381.15
2024-12-03 16:00:00,381.11,388.03,375.8,378.6
2024-12-03 17:00:00,379.07,384.46,376.4,383.405
2024-12-03 18:00:00,383.15,384.48,378.29,380.04
2024-12-03 19:00:00,378.81,380.08,375.435,376.03
2024-12-03 20:00:00,376.52,376.52,370.0,373.47
2024-12-04 15:00:00,377.88,382.76,374.43,376.305
2024-12-04 16:00:00,376.35,376.93,365.91,370.59
2024-12-04 17:00:00,370.59,374.33,367.41,374.33
2024-12-04 18:00:00,374.13,377.945,372.61,376.775
2024-12-04 19:00:00,376.01,388.33,375.85,387.56
2024-12-04 20:00:00,387.62,409.91,387.35,405.845
2024-12-05 15:00:00,422.82,422.86,394.03,396.31
2024-12-05 16:00:00,396.06,407.12,392.42,398.44
2024-12-05 17:00:00,398.22,402.0,387.99,395.01
2024-12-05 18:00:00,395.09,396.02,385.29,385.32
2024-12-05 19:00:00,385.0,392.5,382.83,384.91
2024-12-05 20:00:00,384.655,388.26,379.47,386.79
2024-12-06 15:00:00,396.085,396.085,387.35,394.31
2024-12-06 16:00:00,394.55,396.14,388.555,390.13
2024-12-06 17:00:00,390.09,404.99,389.45,400.315
2024-12-06 18:00:00,400.64,402.31,393.32,396.9
2024-12-06 19:00:00,397.16,403.11,396.42,400.5
2024-12-06 20:00:00,400.08,400.49,391.33,394.96
2024-12-09 15:00:00,393.29,393.98,371.87,377.33
2024-12-09 16:00:00,377.29,383.53,375.27,378.74
2024-12-09 17:00:00,378.59,382.6,377.18,377.57
2024-12-09 18:00:00,377.41,382.35,376.88,377.13
2024-12-09 19:00:00,377.11,377.39,370.32,370.385
2024-12-09 20:00:00,370.8,372.5,363.5,365.82
2024-12-10 15:00:00,376.5,377.26,361.0,361.48
2024-12-10 16:00:00,361.485,368.49,356.11,367.33
2024-12-10 17:00:00,367.63,369.01,359.87,365.91
2024-12-10 18:00:00,365.91,372.075,362.72,369.2
2024-12-10 19:00:00,369.2,374.22,368.15,369.62
2024-12-10 20:00:00,369.6,379.555,367.35,377.185
2024-12-11 15:00:00,397.945,402.93,392.43,397.51
2024-12-11 16:00:00,397.81,405.94,397.68,400.37
2024-12-11 17:00:00,400.315,406.03,398.87,399.985
2024-12-11 18:00:00,399.985,405.65,395.3,403.73
2024-12-11 19:00:00,403.765,411.86,402.37,409.74
2024-12-11 20:00:00,409.44,412.58,405.505,410.46
2024-12-12 15:00:00,407.0,409.26,397.385,406.7
2024-12-12 16:00:00,408.01,413.59,399.85,400.42
2024-12-12 17:00:00,400.1,402.77,397.62,399.03
2024-12-12 18:00:00,399.1,404.365,397.52,398.33
2024-12-12 19:00:00,398.5,398.5,387.24,389.47
2024-12-12 20:00:00,389.0,394.19,386.32,392.9
2024-12-13 15:00:00,403.245,405.0,389.07,389.73
2024-12-13 16:00:00,389.41,403.03,389.3,400.01
2024-12-13 17:00:00,399.39,404.09,397.92,402.45
2024-12-13 18:00:00,402.01,402.01,397.28,398.0
2024-12-13 19:00:00,397.97,405.4,396.01,403.3
2024-12-13 20:00:00,403.37,409.5,401.12,409.14
2024-12-16 15:00:00,419.74,429.25,418.79,426.05
2024-12-16 16:00:00,426.05,430.5,423.75,428.5
2024-12-16 17:00:00,428.49,434.54,428.43,434.18
2024-12-16 18:00:00,434.15,437.505,427.71,431.32
2024-12-16 19:00:00,431.5,431.9,412.2,418.15
2024-12-16 20:00:00,418.22,420.0,406.52,408.4
2024-12-17 15:00:00,404.68,404.68,387.68,390.95
2024-12-17 16:00:00,391.14,398.63,390.15,397.39
2024-12-17 17:00:00,396.87,399.82,393.37,398.39
2024-12-17 18:00:00,398.74,404.15,392.01,392.51
2024-12-17 19:00:00,392.65,396.39,390.73,392.07
2024-12-17 20:00:00,393.27,394.99,387.19,387.19
2024-12-18 15:00:00,376.64,384.48,372.85,384.48
2024-12-18 16:00:00,384.86,388.975,378.705,386.64
2024-12-18 17:00:00,386.315,389.83,383.69,388.08
2024-12-18 18:00:00,388.15,390.23,385.0,387.915
2024-12-18 19:00:00,386.395,387.65,370.32,370.87
2024-12-18 20:00:00,370.865,373.92,338.26,349.74
2024-12-19 15:00:00,352.39,353.16,335.3,345.78
2024-12-19 16:00:00,345.52,347.34,338.21,344.22
2024-12-19 17:00:00,344.13,344.15,324.25,333.01
2024-12-19 18:00:00,333.19,337.9,323.62,336.56
2024-12-19 19:00:00,336.56,339.0,325.58,329.4
2024-12-19 20:00:00,329.625,336.16,324.0,326.665
2024-12-20 15:00:00,332.41,355.51,331.405,348.9
2024-12-20 16:00:00,349.15,357.09,342.92,349.01
2024-12-20 17:00:00,348.9,351.65,343.8,350.87
2024-12-20 18:00:00,350.94,354.07,347.48,353.16
2024-12-20 19:00:00,352.96,363.39,351.53,358.38
2024-12-20 20:00:00,358.21,364.79,350.75,364.78
2024-12-23 15:00:00,345.87,345.96,342.82,344.29
2024-12-24 15:00:00,353.225,355.52,348.28,351.86
2024-12-24 16:00:00,352.0,360.88,350.56,359.02
2024-12-24 17:00:00,358.94,360.855,355.29,359.145
2024-12-24 18:00:00,359.145,359.96,359.09,359.96
2024-12-26 15:00:00,345.26,348.22,340.0,347.785
2024-12-26 16:00:00,347.395,347.99,343.54,347.5
2024-12-26 17:00:00,347.29,349.58,345.985,346.48
2024-12-26 18:00:00,346.35,347.51,343.7,343.84
2024-12-26 19:00:00,344.26,344.625,340.85,342.315
2024-12-26 20:00:00,342.315,343.39,340.56,341.28
2024-12-27 15:00:00,336.63,337.41,327.67,335.0
2024-12-27 16:00:00,335.01,335.97,330.0,330.63
2024-12-27 17:00:00,330.76,330.76,326.75,330.28
2024-12-27 18:00:00,330.28,331.16,326.56,328.15
2024-12-27 19:00:00,328.1,329.3,323.25,329.3
2024-12-27 20:00:00,329.93,330.87,326.95,330.32
2024-12-30 15:00:00,307.075,312.81,301.75,310.19
2024-12-30 16:00:00,309.25,309.25,303.0,303.24
2024-12-30 17:00:00,303.58,313.65,303.58,313.11
2024-12-30 18:00:00,312.3,317.74,307.01,316.54
2024-12-30 19:00:00,316.6,317.3,311.99,312.6
2024-12-30 20:00:00,312.7,318.69,302.6,303.665
2024-12-31 15:00:00,308.89,308.89,298.91,302.85
2024-12-31 16:00:00,303.09,303.09,293.78,297.15
2024-12-31 17:00:00,296.87,298.02,287.79,293.89
2024-12-31 18:00:00,292.97,295.68,290.19,291.46
2024-12-31 19:00:00,291.42,292.13,287.0,291.98
2024-12-31 20:00:00,291.69,293.27,285.055,290.03
